return_id,order_id,sku,quantity,return_date,reason,condition_on_return
RET-000001,ORD-000004,B044FDSE6A,1,2024-09-25,wrong item,opened
RET-000002,ORD-000005,VH-1057,1,2024-10-03,wrong item,opened
RET-000003,ORD-000018,B0XS5B40FN,1,2024-10-22,changed mind,opened
RET-000004,ORD-000025,B00RADH5S3,1,2024-10-16,changed mind,resellable
RET-000005,ORD-000032,B0QGLWA5EL,1,2024-09-30,quality issue,damaged
RET-000006,ORD-000036,slatplacset  ,1,2024-10-02,not as described,resellable
RET-000007,ORD-000039,B00RADH5S3,1,2024-10-05,wrong item,opened
RET-000008,ORD-000040,B0WXUN8SX9,1,2024-10-08,changed mind,resellable
RET-000009,ORD-000047,B0R6SMCWAT,1,2024-09-26,no longer needed,resellable
RET-000010,ORD-000051,B00RADH5S3,1,2024-10-02,no longer needed,resellable
RET-000011,ORD-000053,VH-1059,1,2024-10-05,changed mind,opened
RET-000012,ORD-000074,VH-1001,1,2024-10-03,changed mind,resellable
RET-000013,ORD-000078,B00RADH5S3,1,2024-11-04,not as described,resellable
RET-000014,ORD-000114,VH-1032,1,2024-10-19,changed mind,resellable
RET-000015,ORD-000119,VH-1027,2,2024-09-30,not as described,damaged
RET-000016,ORD-000136,VH-1041,1,2024-10-30,changed mind,resellable
RET-000017,ORD-000140, glasstorjarsetof6  ,1,2024-10-15,changed mind,resellable
RET-000018,ORD-000148,B00RADH5S3,2,2024-10-02,changed mind,resellable
RET-000019,ORD-000150,VH-1081,1,2024-09-12,arrived damaged,damaged
RET-000020,ORD-000178,B0L1F47G91,1,2024-10-13,changed mind,resellable
RET-000021,ORD-000201,B0YH2UG55T,1,2024-10-12,arrived damaged,damaged
RET-000022,ORD-000201,B0TBXU1FDC,1,2024-09-20,quality issue,damaged
RET-000023,ORD-000214,VH-1113,1,2024-10-14,arrived damaged,damaged
RET-000024,ORD-000215,B06TDAT9ZQ,2,2024-10-11,not as described,resellable
RET-000025,ORD-000219,B0L1F47G91,1,2024-10-27,wrong item,opened
RET-000026,ORD-000221,B0WXUN8SX9,1,2024-11-16,wrong item,resellable
RET-000027,ORD-000228,B0WXUN8SX9,1,2024-10-09,changed mind,opened
RET-000028,ORD-000242,B0ZM4P1CPY,1,2024-11-06,wrong item,resellable
RET-000029,ORD-000251,B00H6QEFH6,1,2024-10-11,quality issue,opened
RET-000030,ORD-000252,B0S1ZHPN2M,1,2024-09-22,not as described,resellable
RET-000031,ORD-000264,terrapro ,1,2024-10-03,not as described,opened
RET-000032,ORD-000266,VH-1057,1,2024-10-05,changed mind,resellable
RET-000033,ORD-000268,VH-1083,1,2024-10-22,wrong item,opened
RET-000034,ORD-000272,B0WXUN8SX9,2,2024-09-10,no longer needed,resellable
RET-000035,ORD-000276,B0WXUN8SX9,1,2024-09-28,changed mind,resellable
RET-000036,ORD-000277,B0WXUN8SX9,1,2024-09-24,quality issue,damaged
RET-000037,ORD-000288,B0BW9EFX8S,1,2024-10-08,changed mind,resellable
RET-000038,ORD-000292, teracotta placemat set ,1,2024-10-06,quality issue,opened
RET-000039,ORD-000293,B0QGLWA5EL,1,2024-09-30,quality issue,damaged
RET-000040,ORD-000297,VH-1112,1,2024-10-13,changed mind,opened
RET-000041,ORD-000305,B0KWHTZDZV,3,2024-10-08,changed mind,damaged
RET-000042,ORD-000313,VH-1113,2,2024-10-23,not as described,opened
RET-000043,ORD-000314,VH-1005,1,2024-10-11,wrong item,opened
RET-000044,ORD-000321,B0WXUN8SX9,1,2024-09-15,not as described,opened
RET-000045,ORD-000331,B0SFE1R7XM,1,2024-10-03,changed mind,resellable
RET-000046,ORD-000332, borosilicate-food-chopper  ,2,2024-09-21,not as described,opened
RET-000047,ORD-000356,VH-1019,1,2024-10-19,not as described,damaged
RET-000048,ORD-000360,B00RADH5S3,1,2024-10-06,wrong item,damaged
RET-000049,ORD-000361,B0WXUN8SX9,1,2024-09-24,no longer needed,resellable
RET-000050,ORD-000364,B0WXUN8SX9,1,2024-09-20,no longer needed,resellable
RET-000051,ORD-000366,B0WXUN8SX9,1,2024-09-13,no longer needed,resellable
RET-000052,ORD-000370,VH-1009,1,2024-10-10,changed mind,resellable
RET-000053,ORD-000373,B07LLE55WZ,1,2024-10-07,not as described,resellable
RET-000054,ORD-000376,B0MLAXK2E1,1,2024-11-20,no longer needed,resellable
RET-000055,ORD-000378,B0W8N8XWYK,1,2024-09-20,arrived damaged,damaged
RET-000056,ORD-000382,B0WXUN8SX9,1,2024-10-02,not as described,resellable
RET-000057,ORD-000383,VH-1009,1,2024-10-02,not as described,damaged
RET-000058,ORD-000388, vh acacia storage jar ,1,2024-09-23,quality issue,opened
RET-000059,ORD-000391,B0KT4D60ZK,1,2024-09-20,changed mind,opened
RET-000060,ORD-000397,B06TDAT9ZQ,1,2024-09-25,wrong item,damaged
RET-000061,ORD-000403, stneware grill pan ,1,2024-10-04,no longer needed,resellable
RET-000062,ORD-000408,B0WXUN8SX9,1,2024-09-14,no longer needed,resellable
RET-000063,ORD-000419,B00RADH5S3,1,2024-10-31,no longer needed,resellable
RET-000064,ORD-000430, vh bamboo storage jar  ,1,2024-10-28,quality issue,opened
RET-000065,ORD-000435,vh stainless steel muffin tray ,1,2024-10-17,not as described,opened
RET-000066,ORD-000441,B0XLHGCJNR,1,2024-09-29,not as described,resellable
RET-000067,ORD-000448,B0HGZ5AHB5,1,2024-10-08,no longer needed,resellable
RET-000068,ORD-000450,B0YMGZD1WQ,1,2024-10-09,wrong item,resellable
RET-000069,ORD-000451,B00RADH5S3,1,2024-10-11,arrived damaged,damaged
RET-000070,ORD-000453,borosilicate-food-chopper  ,1,2024-11-01,quality issue,opened
RET-000071,ORD-000459,VH-1117,1,2024-09-28,no longer needed,resellable
RET-000072,ORD-000473,B0WXUN8SX9,1,2024-11-01,not as described,resellable
RET-000073,ORD-000476,B0GKGBFV52,1,2024-10-17,not as described,resellable
RET-000074,ORD-000477,B044FDSE6A,1,2024-10-14,changed mind,opened
RET-000075,ORD-000478,B0YH2UG55T,1,2024-09-16,no longer needed,opened
RET-000076,ORD-000491,B00RADH5S3,1,2024-09-12,arrived damaged,opened
RET-000077,ORD-000494, vh bamboo turner  ,1,2024-09-26,no longer needed,resellable
RET-000078,ORD-000499,B00RADH5S3,1,2024-09-28,changed mind,resellable
RET-000079,ORD-000501,VH-1075,1,2024-10-21,not as described,resellable
RET-000080,ORD-000503,B0TE7M6JWU,1,2024-10-20,no longer needed,resellable
RET-000081,ORD-000505,VH-1047,1,2024-09-22,no longer needed,opened
RET-000082,ORD-000516,B0WXUN8SX9,1,2024-10-22,quality issue,damaged
RET-000083,ORD-000529,B044FDSE6A,1,2024-10-07,not as described,resellable
RET-000084,ORD-000531,B0NTQBZ4V2,1,2024-10-25,no longer needed,resellable
RET-000085,ORD-000540,melamine-tumbler-set ,1,2024-10-28,not as described,resellable
RET-000086,ORD-000543,VH-1052,1,2024-10-25,arrived damaged,opened
RET-000087,ORD-000545,B00RADH5S3,2,2024-09-27,not as described,resellable
RET-000088,ORD-000546,B0HC6GKYNZ,1,2024-10-09,changed mind,resellable
RET-000089,ORD-000546,B0WXUN8SX9,1,2024-10-10,quality issue,damaged
RET-000090,ORD-000547,B0JJCQQ73Q,1,2024-11-05,changed mind,resellable
RET-000091,ORD-000547,B0WXUN8SX9,1,2024-10-03,quality issue,opened
RET-000092,ORD-000553,B0KWHTZDZV,1,2024-10-04,changed mind,resellable
RET-000093,ORD-000555,VH-1069,1,2024-09-28,changed mind,damaged
RET-000094,ORD-000560,B00RADH5S3,1,2024-10-20,not as described,resellable
RET-000095,ORD-000576,VH-1057,1,2024-11-04,changed mind,resellable
RET-000096,ORD-000579,B0QGLWA5EL,1,2024-09-25,changed mind,resellable
RET-000097,ORD-000581,B0BW9EFX8S,1,2024-10-21,quality issue,damaged
RET-000098,ORD-000591,B0XLHGCJNR,1,2024-10-09,wrong item,resellable
RET-000099,ORD-000592,B0QRA7AREC,1,2024-09-22,arrived damaged,damaged
RET-000100,ORD-000594,B0WXUN8SX9,1,2024-09-16,changed mind,opened
RET-000101,ORD-000595,VH-1052,1,2024-10-02,quality issue,damaged
RET-000102,ORD-000605,B00E7ZCXW5,1,2024-10-13,quality issue,opened
RET-000103,ORD-000609, vh marble water bottle  ,1,2024-10-10,changed mind,opened
RET-000104,ORD-000609,bambeleckett  ,1,2024-10-27,arrived damaged,damaged
RET-000105,ORD-000613,VH-1065,1,2024-10-08,changed mind,resellable
RET-000106,ORD-000617,B0CVL56XRT,1,2024-09-27,not as described,opened
RET-000107,ORD-000619, marbladl ,1,2024-10-18,quality issue,opened
RET-000108,ORD-000629,B03RU2WGG5,1,2024-10-04,quality issue,opened
RET-000109,ORD-000635,B0W3L9K2TT,1,2024-10-19,changed mind,resellable
RET-000110,ORD-000636,B0W3L9K2TT,1,2024-10-05,changed mind,resellable
RET-000111,ORD-000640,VH-1063,1,2024-10-14,not as described,resellable
RET-000112,ORD-000652,B0XLHGCJNR,1,2024-10-03,arrived damaged,opened
RET-000113,ORD-000663,B00RADH5S3,1,2024-10-23,not as described,resellable
RET-000114,ORD-000673,B0NUXWWTXM,1,2024-10-23,not as described,opened
RET-000115,ORD-000674,B0WXUN8SX9,1,2024-09-25,changed mind,resellable
RET-000116,ORD-000674,B0ZM4P1CPY,1,2024-10-06,arrived damaged,damaged
RET-000117,ORD-000676, enamel elecric kettle ,1,2024-09-18,quality issue,resellable
RET-000118,ORD-000678,B0R6SMCWAT,1,2024-10-13,changed mind,opened
RET-000119,ORD-000679,VH-1035,1,2024-10-03,changed mind,resellable
RET-000120,ORD-000682,B07LLE55WZ,1,2024-10-28,arrived damaged,damaged
RET-000121,ORD-000694,B0PB2ANK9N,1,2024-09-17,changed mind,resellable
RET-000122,ORD-000699,B0WXUN8SX9,1,2024-10-06,changed mind,resellable
RET-000123,ORD-000721, marbturn  ,1,2024-09-26,changed mind,opened
RET-000124,ORD-000722,B0GKVZ8140,1,2024-11-02,changed mind,resellable
RET-000125,ORD-000726,B0XLHGCJNR,1,2024-11-01,changed mind,resellable
RET-000126,ORD-000731,B0TE7M6JWU,1,2024-10-07,changed mind,resellable
RET-000127,ORD-000734,B0X2XM7B9M,1,2024-09-20,not as described,opened
RET-000128,ORD-000738,B0L1F47G91,1,2024-10-07,quality issue,resellable
RET-000129,ORD-000741,VH-1023,1,2024-09-25,no longer needed,resellable
RET-000130,ORD-000761,B0XLHGCJNR,1,2024-10-18,no longer needed,resellable
RET-000131,ORD-000774,B0NTQBZ4V2,1,2024-11-16,not as described,opened
RET-000132,ORD-000778,VH-1019,1,2024-10-23,no longer needed,resellable
RET-000133,ORD-000779,B0G9FTWQ6C,1,2024-11-02,changed mind,resellable
RET-000134,ORD-000780,enamel_water_bottle ,2,2024-10-25,arrived damaged,damaged
RET-000135,ORD-000781,B0WXUN8SX9,1,2024-10-22,changed mind,resellable
RET-000136,ORD-000791,B0NNFJVLCD,1,2024-11-07,changed mind,resellable
RET-000137,ORD-000803, bamboo-wine-glasses  ,1,2024-11-09,changed mind,resellable
RET-000138,ORD-000807,VH-1081,2,2024-10-27,changed mind,resellable
RET-000139,ORD-000808,B0NTQBZ4V2,1,2024-10-24,not as described,resellable
RET-000140,ORD-000809,B0WXUN8SX9,1,2024-10-19,quality issue,opened
RET-000141,ORD-000811,B0CZC3PXCW,1,2024-11-18,changed mind,resellable
RET-000142,ORD-000813, coppapro ,1,2024-11-28,arrived damaged,damaged
RET-000143,ORD-000820,VH-1088,1,2024-10-20,quality issue,damaged
RET-000144,ORD-000831,B00E7ZCXW5,1,2024-11-10,changed mind,resellable
RET-000145,ORD-000844,B0WXUN8SX9,1,2024-10-19,wrong item,resellable
RET-000146,ORD-000847,VH-1019,1,2024-10-23,changed mind,resellable
RET-000147,ORD-000850,B00RADH5S3,3,2024-11-09,arrived damaged,damaged
RET-000148,ORD-000853,B0PLGQ0WUW,1,2024-12-14,not as described,resellable
RET-000149,ORD-000871,VH-1092,1,2024-10-26,changed mind,resellable
RET-000150,ORD-000890,B0HK5F3DG1,1,2024-10-14,not as described,damaged
RET-000151,ORD-000893,VH-1101,1,2024-11-02,no longer needed,resellable
RET-000152,ORD-000899,B0WXUN8SX9,1,2024-11-09,arrived damaged,damaged
RET-000153,ORD-000903,VH-1054,1,2024-11-14,not as described,opened
RET-000154,ORD-000908,B0WXUN8SX9,1,2024-10-27,wrong item,resellable
RET-000155,ORD-000909,VH-1039,1,2024-11-03,arrived damaged,damaged
RET-000156,ORD-000911,B0WXUN8SX9,1,2024-10-23,arrived damaged,damaged
RET-000157,ORD-000912,B0XLHGCJNR,1,2024-10-12,arrived damaged,damaged
RET-000158,ORD-000924,B09Q1GC9N5,1,2024-10-11,no longer needed,resellable
RET-000159,ORD-000929,B06RJSMPSQ,1,2024-10-21,quality issue,opened
RET-000160,ORD-000933, staisteestanmixe ,2,2024-11-03,changed mind,resellable
RET-000161,ORD-000951,B0TE7M6JWU,1,2024-11-20,not as described,damaged
RET-000162,ORD-000957,VH-1060,1,2024-10-26,changed mind,resellable
RET-000163,ORD-000959,B06TDAT9ZQ,1,2024-10-26,not as described,damaged
RET-000164,ORD-000966,VH-1004,1,2024-12-02,quality issue,opened
RET-000165,ORD-000971,B0W8N8XWYK,1,2024-10-14,not as described,resellable
RET-000166,ORD-000980, staisteestanmixe ,1,2024-11-29,quality issue,opened
RET-000167,ORD-000986,B00RADH5S3,1,2024-11-17,wrong item,opened
RET-000168,ORD-000997,VH-1057,1,2024-10-21,quality issue,resellable
RET-000169,ORD-001000,VH-1041,1,2024-11-09,not as described,opened
RET-000170,ORD-001004,B00E7ZCXW5,1,2024-11-07,not as described,opened
RET-000171,ORD-001012,B0G9FTWQ6C,1,2024-11-08,no longer needed,resellable
RET-000172,ORD-001016,vh glass storage jar set of 6  ,1,2024-11-05,changed mind,opened
RET-000173,ORD-001017,VH-1015,1,2024-10-30,no longer needed,resellable
RET-000174,ORD-001018,VH-1027,2,2024-11-08,not as described,resellable
RET-000175,ORD-001026,B0PFWXAFNA,1,2024-11-13,changed mind,resellable
RET-000176,ORD-001031,B0BW9EFX8S,1,2024-10-27,arrived damaged,damaged
RET-000177,ORD-001048,B0WXUN8SX9,1,2024-11-03,arrived damaged,damaged
RET-000178,ORD-001050,B0S1TJJESE,1,2024-11-10,no longer needed,opened
RET-000179,ORD-001055,borosilicate-spatula-set  ,1,2024-11-09,changed mind,resellable
RET-000180,ORD-001061,B0WXUN8SX9,1,2024-10-17,quality issue,damaged
RET-000181,ORD-001066,B0NTQBZ4V2,1,2024-11-16,arrived damaged,opened
RET-000182,ORD-001080,B00RADH5S3,1,2024-11-02,changed mind,opened
RET-000183,ORD-001084, cast_iron_baking_sheet ,1,2024-11-14,not as described,resellable
RET-000184,ORD-001088,VH-1112,1,2024-11-07,changed mind,damaged
RET-000185,ORD-001089,VH-1025,2,2024-10-02,changed mind,opened
RET-000186,ORD-001096,VH-1057,1,2024-11-21,arrived damaged,opened
RET-000187,ORD-001110,B0D27V1BVA,1,2024-12-20,changed mind,resellable
RET-000188,ORD-001121,B03JL94SRB,1,2024-10-26,changed mind,resellable
RET-000189,ORD-001121,B0L1F47G91,2,2024-10-19,changed mind,opened
RET-000190,ORD-001126,B0WXUN8SX9,1,2024-11-07,changed mind,resellable
RET-000191,ORD-001128,B0QFTM3WML,1,2024-11-01,wrong item,opened
RET-000192,ORD-001137,B04BS1RFN3,1,2024-10-18,changed mind,resellable
RET-000193,ORD-001142,B0BW9EFX8S,1,2024-10-30,changed mind,resellable
RET-000194,ORD-001143,B0NTQBZ4V2,1,2024-12-06,changed mind,opened
RET-000195,ORD-001145,B0SFE1R7XM,1,2024-10-29,wrong item,opened
RET-000196,ORD-001151,B0NTQBZ4V2,1,2024-11-13,not as described,resellable
RET-000197,ORD-001157,VH-1034,1,2024-10-31,changed mind,damaged
RET-000198,ORD-001158, vh bamboo storage jar  ,1,2024-10-27,changed mind,resellable
RET-000199,ORD-001171,cermic pasta bowl set ,1,2024-11-26,changed mind,resellable
RET-000200,ORD-001173,B04FTSGMDD,1,2024-11-02,changed mind,resellable
RET-000201,ORD-001181, bamboo-balloon-whisk  ,1,2024-10-25,changed mind,opened
RET-000202,ORD-001183,B0WXUN8SX9,1,2024-11-16,changed mind,resellable
RET-000203,ORD-001187,B0WXUN8SX9,1,2024-11-16,changed mind,opened
RET-000204,ORD-001196,VH-1025,1,2024-12-11,no longer needed,opened
RET-000205,ORD-001200,B0WXUN8SX9,1,2024-10-17,no longer needed,resellable
RET-000206,ORD-001218,VH-1025,1,2024-10-14,not as described,opened
RET-000207,ORD-001226,VH-1037,1,2024-10-30,not as described,resellable
RET-000208,ORD-001228,B00RADH5S3,1,2024-10-15,no longer needed,resellable
RET-000209,ORD-001230,coppapro ,1,2024-11-18,not as described,resellable
RET-000210,ORD-001233,B0W3L9K2TT,1,2024-11-12,arrived damaged,damaged
RET-000211,ORD-001242,VH-1038,1,2024-11-03,no longer needed,resellable
RET-000212,ORD-001244,B04CU9MZTG,1,2024-11-15,arrived damaged,damaged
RET-000213,ORD-001249,B0L1F47G91,1,2024-11-19,arrived damaged,damaged
RET-000214,ORD-001253,VH-1103,1,2024-10-20,arrived damaged,damaged
RET-000215,ORD-001255,ceramic dinnr set 12 piece  ,1,2024-10-11,changed mind,opened
RET-000216,ORD-001256,B00RADH5S3,1,2024-11-02,changed mind,resellable
RET-000217,ORD-001258,B0WXUN8SX9,2,2024-10-25,not as described,opened
RET-000218,ORD-001260,B00RADH5S3,1,2024-10-24,arrived damaged,damaged
RET-000219,ORD-001277,B0KT4D60ZK,1,2024-11-01,no longer needed,resellable
RET-000220,ORD-001282,VH-1057,1,2024-10-30,arrived damaged,damaged
RET-000221,ORD-001283,VH-1038,1,2024-11-12,no longer needed,resellable
RET-000222,ORD-001284,B0XLHGCJNR,1,2024-10-08,no longer needed,resellable
RET-000223,ORD-001300,B03RU2WGG5,1,2024-10-11,changed mind,resellable
RET-000224,ORD-001307,B03RU2WGG5,1,2024-10-18,not as described,opened
RET-000225,ORD-001312,B0ZM4P1CPY,1,2024-11-15,no longer needed,resellable
RET-000226,ORD-001326,VH-1112,1,2024-11-30,no longer needed,resellable
RET-000227,ORD-001328,B00H6QEFH6,1,2024-11-04,not as described,damaged
RET-000228,ORD-001355, stoneware-spatula-set ,1,2024-10-21,arrived damaged,damaged
RET-000229,ORD-001358,VH-1118,1,2024-11-16,not as described,resellable
RET-000230,ORD-001362,B07YF2T8JE,1,2024-11-29,changed mind,opened
RET-000231,ORD-001364,B0WXUN8SX9,1,2024-11-01,not as described,opened
RET-000232,ORD-001367,VH-1034,1,2024-11-18,arrived damaged,damaged
RET-000233,ORD-001373,B0HGZ5AHB5,1,2024-11-12,changed mind,resellable
RET-000234,ORD-001391,B0N0SG1LUL,1,2024-11-09,changed mind,opened
RET-000235,ORD-001402,B0L1F47G91,3,2024-12-01,changed mind,resellable
RET-000236,ORD-001402,B0WXUN8SX9,1,2024-10-31,changed mind,resellable
RET-000237,ORD-001403,VH-1085,1,2024-11-19,changed mind,opened
RET-000238,ORD-001410,B04CU9MZTG,1,2024-11-17,wrong item,resellable
RET-000239,ORD-001411,B00RADH5S3,1,2024-10-19,changed mind,resellable
RET-000240,ORD-001414,B0PFWXAFNA,1,2024-10-26,not as described,resellable
RET-000241,ORD-001417,B00RADH5S3,1,2024-10-24,changed mind,opened
RET-000242,ORD-001419,ceramic dinnr set 12 piece ,1,2024-11-09,wrong item,damaged
RET-000243,ORD-001424,B00RADH5S3,1,2024-10-27,no longer needed,resellable
RET-000244,ORD-001425,B0L1F47G91,1,2024-10-23,changed mind,resellable
RET-000245,ORD-001432,VH-1092,1,2024-10-28,not as described,damaged
RET-000246,ORD-001450,B0ZQ6DWCXF,1,2024-11-12,changed mind,opened
RET-000247,ORD-001453,B0WXUN8SX9,1,2024-10-04,changed mind,resellable
RET-000248,ORD-001458,B076GJU5HA,1,2024-10-16,changed mind,resellable
RET-000249,ORD-001468,B0BW9EFX8S,1,2024-10-27,arrived damaged,damaged
RET-000250,ORD-001476,B0QBC8YR1R,1,2024-11-11,arrived damaged,opened
RET-000251,ORD-001483,B0PSBKCKDF,1,2024-11-05,not as described,resellable
RET-000252,ORD-001493,B044FDSE6A,1,2024-11-02,not as described,damaged
RET-000253,ORD-001494,B0N0SG1LUL,1,2024-11-20,quality issue,opened
RET-000254,ORD-001497,B06RJSMPSQ,1,2024-11-02,changed mind,resellable
RET-000255,ORD-001498,vh terracotta carafe ,1,2024-11-06,not as described,resellable
RET-000256,ORD-001499,B0GKVZ8140,1,2024-10-31,changed mind,resellable
RET-000257,ORD-001508, vh bamboo storage jar  ,1,2024-11-12,not as described,resellable
RET-000258,ORD-001510,B0WXUN8SX9,1,2024-10-24,changed mind,opened
RET-000259,ORD-001514,B0WXUN8SX9,1,2024-12-01,not as described,resellable
RET-000260,ORD-001528,vh enamel tumbler set ,1,2024-11-07,arrived damaged,damaged
RET-000261,ORD-001529, enamel-salad-bowl  ,1,2024-11-06,changed mind,resellable
RET-000262,ORD-001530,B0W8N8XWYK,1,2024-11-09,arrived damaged,damaged
RET-000263,ORD-001541,stoneware_loaf_tin  ,1,2024-11-17,quality issue,opened
RET-000264,ORD-001567,B0GQ0AUTHT,1,2024-11-06,not as described,opened
RET-000265,ORD-001580,B0WXUN8SX9,2,2024-10-08,wrong item,opened
RET-000266,ORD-001582,B044FDSE6A,1,2024-11-08,changed mind,resellable
RET-000267,ORD-001590,staisteestanmixe ,1,2024-11-04,no longer needed,resellable
RET-000268,ORD-001591,B0WXUN8SX9,1,2024-11-13,arrived damaged,damaged
RET-000269,ORD-001593,B0L1F47G91,1,2024-11-19,quality issue,damaged
RET-000270,ORD-001595,B0W3L9K2TT,1,2024-11-16,quality issue,resellable
RET-000271,ORD-001598,B0MLAXK2E1,1,2024-11-01,no longer needed,resellable
RET-000272,ORD-001602,B00RADH5S3,1,2024-11-04,no longer needed,resellable
RET-000273,ORD-001606,B0NNFJVLCD,3,2024-11-07,arrived damaged,damaged
RET-000274,ORD-001609,B00RADH5S3,1,2024-10-31,quality issue,damaged
RET-000275,ORD-001610, vh bamboo kitchen utensil set ,1,2024-10-28,wrong item,resellable
RET-000276,ORD-001611,VH-1001,1,2024-10-22,wrong item,resellable
RET-000277,ORD-001616, staisteestanmixe  ,1,2024-11-16,changed mind,damaged
RET-000278,ORD-001617,staisteestanmixe ,1,2024-10-28,no longer needed,resellable
RET-000279,ORD-001625,B0L1F47G91,1,2024-10-25,quality issue,damaged
RET-000280,ORD-001627,B0HK5F3DG1,2,2024-10-26,no longer needed,opened
RET-000281,ORD-001630,B0L1F47G91,1,2024-11-03,changed mind,resellable
RET-000282,ORD-001635,vh acacia hand blender ,1,2024-11-07,quality issue,resellable
RET-000283,ORD-001637,B0XVBEPU7E,1,2024-12-02,arrived damaged,damaged
RET-000284,ORD-001645,B0XLHGCJNR,1,2024-12-21,not as described,resellable
RET-000285,ORD-001647,B0QGLWA5EL,1,2024-10-22,not as described,damaged
RET-000286,ORD-001649,coppapro  ,1,2024-10-08,changed mind,resellable
RET-000287,ORD-001661,B0WXUN8SX9,1,2024-10-20,changed mind,resellable
RET-000288,ORD-001666,B0PFWXAFNA,1,2024-11-11,changed mind,resellable
RET-000289,ORD-001669,VH-1092,1,2024-11-13,changed mind,damaged
RET-000290,ORD-001673,staisteestanmixe  ,1,2024-11-13,arrived damaged,opened
RET-000291,ORD-001702,B07LLE55WZ,1,2024-12-29,changed mind,resellable
RET-000292,ORD-001703,B0ZM4P1CPY,1,2024-12-14,changed mind,resellable
RET-000293,ORD-001714,B0X2XM7B9M,1,2024-12-15,no longer needed,opened
RET-000294,ORD-001715, bamboo-cake-tin  ,1,2024-11-25,no longer needed,resellable
RET-000295,ORD-001718,B0WXUN8SX9,1,2024-11-23,changed mind,opened
RET-000296,ORD-001719,VH-1012,1,2024-12-28,changed mind,damaged
RET-000297,ORD-001725,B0GQ0AUTHT,1,2024-11-30,changed mind,resellable
RET-000298,ORD-001732,B0AH374DW8,1,2024-12-18,wrong item,damaged
RET-000299,ORD-001737,B0WXUN8SX9,1,2024-12-15,changed mind,opened
RET-000300,ORD-001738,B0S1ZHPN2M,1,2024-12-09,quality issue,resellable
RET-000301,ORD-001749,B0WXUN8SX9,1,2024-12-11,changed mind,opened
RET-000302,ORD-001752, enamel elecric kettle ,1,2024-11-21,changed mind,resellable
RET-000303,ORD-001753,VH-1057,1,2024-11-29,no longer needed,resellable
RET-000304,ORD-001759,VH-1015,1,2025-01-01,changed mind,resellable
RET-000305,ORD-001769,B0QFTM3WML,1,2024-11-24,not as described,resellable
RET-000306,ORD-001770, borocaniset ,1,2024-12-17,changed mind,resellable
RET-000307,ORD-001772,VH-1097,1,2024-12-01,no longer needed,resellable
RET-000308,ORD-001776,B06AAM59LS,2,2024-12-26,changed mind,resellable
RET-000309,ORD-001779,B0WXUN8SX9,1,2024-11-15,arrived damaged,damaged
RET-000310,ORD-001780,B0WXUN8SX9,1,2024-12-09,not as described,opened
RET-000311,ORD-001781,VH-1081,1,2024-12-01,changed mind,resellable
RET-000312,ORD-001789,VH-1096,1,2024-11-22,quality issue,opened
RET-000313,ORD-001792, oak_salad_bowl  ,1,2024-11-27,wrong item,opened
RET-000314,ORD-001793,B07LLE55WZ,1,2024-11-19,wrong item,opened
RET-000315,ORD-001795,B06TDAT9ZQ,1,2025-01-01,wrong item,opened
RET-000316,ORD-001804, vh enamel tumbler set ,1,2024-11-11,changed mind,resellable
RET-000317,ORD-001819, stoneware_tumbler_set  ,1,2024-11-28,changed mind,resellable
RET-000318,ORD-001820, oak placeat set ,1,2024-12-05,quality issue,opened
RET-000319,ORD-001824,ceramic dinnr set 12 piece ,1,2024-11-27,not as described,resellable
RET-000320,ORD-001843,B0GKGBFV52,1,2024-12-04,changed mind,resellable
RET-000321,ORD-001851,B0WXUN8SX9,3,2024-12-15,not as described,opened
RET-000322,ORD-001861,vh linen loaf tin ,1,2024-11-19,changed mind,resellable
RET-000323,ORD-001865,B06TDAT9ZQ,1,2024-12-18,changed mind,opened
RET-000324,ORD-001868,B0MLAXK2E1,1,2024-11-16,changed mind,resellable
RET-000325,ORD-001877,B0B1RBATAH,1,2024-11-28,changed mind,damaged
RET-000326,ORD-001892,B01J3QMR6K,1,2024-11-25,arrived damaged,damaged
RET-000327,ORD-001898,B0WXUN8SX9,1,2024-12-30,changed mind,resellable
RET-000328,ORD-001902,B0WXUN8SX9,1,2024-11-22,no longer needed,resellable
RET-000329,ORD-001920,staisteestanmixe  ,1,2024-12-07,not as described,resellable
RET-000330,ORD-001925,B00RADH5S3,1,2024-12-14,changed mind,opened
RET-000331,ORD-001928,vh bamboo turner ,1,2024-12-18,changed mind,resellable
RET-000332,ORD-001947, terracotta_placemat_set ,1,2024-12-07,wrong item,opened
RET-000333,ORD-001953,B0R6SMCWAT,1,2024-11-25,wrong item,opened
RET-000334,ORD-001955,B00RADH5S3,1,2024-12-03,changed mind,resellable
RET-000335,ORD-001959,B0WXUN8SX9,1,2024-12-21,changed mind,opened
RET-000336,ORD-001966, bambeleckett  ,1,2024-11-29,arrived damaged,damaged
RET-000337,ORD-001968,B02ZXK0X7U,1,2025-01-14,wrong item,resellable
RET-000338,ORD-001980,B0XS5B40FN,1,2024-11-27,not as described,opened
RET-000339,ORD-001983,B0X2XM7B9M,1,2024-12-06,changed mind,resellable
RET-000340,ORD-001995,B06AAM59LS,1,2024-11-26,not as described,resellable
RET-000341,ORD-001996,B0JJCQQ73Q,1,2024-12-16,arrived damaged,damaged
RET-000342,ORD-001996,B0YMGZD1WQ,1,2024-11-19,not as described,resellable
RET-000343,ORD-001996,B0GKVZ8140,1,2024-11-22,arrived damaged,resellable
RET-000344,ORD-002010,B0HC6GKYNZ,1,2024-12-10,changed mind,resellable
RET-000345,ORD-002012,B0R6SMCWAT,1,2024-12-18,changed mind,resellable
RET-000346,ORD-002016,B044FDSE6A,1,2024-11-27,changed mind,resellable
RET-000347,ORD-002031,B02U1TMWTY,2,2025-01-07,wrong item,resellable
RET-000348,ORD-002041,B00RADH5S3,1,2024-12-03,changed mind,opened
RET-000349,ORD-002048,B00RADH5S3,1,2024-12-08,changed mind,resellable
RET-000350,ORD-002062,VH-1025,1,2024-12-20,changed mind,resellable
RET-000351,ORD-002063,B0QBC8YR1R,1,2024-12-11,not as described,damaged
RET-000352,ORD-002065,VH-1097,1,2024-12-23,quality issue,damaged
RET-000353,ORD-002071,B0WXUN8SX9,2,2024-11-29,changed mind,resellable
RET-000354,ORD-002085,B0HGZ5AHB5,1,2024-12-16,changed mind,resellable
RET-000355,ORD-002098,vh linen loaf tin ,1,2024-11-29,wrong item,opened
RET-000356,ORD-002101,VH-1034,1,2025-01-09,changed mind,resellable
RET-000357,ORD-002104,B0TBXU1FDC,4,2024-12-01,changed mind,resellable
RET-000358,ORD-002111,B0WXUN8SX9,1,2024-12-24,not as described,damaged
RET-000359,ORD-002112,B0WXUN8SX9,1,2024-12-04,quality issue,opened
RET-000360,ORD-002115,enamel elecric kettle  ,1,2024-12-17,arrived damaged,damaged
RET-000361,ORD-002120,B0W8N8XWYK,1,2024-12-20,changed mind,opened
RET-000362,ORD-002136,B0R6SMCWAT,1,2024-11-15,quality issue,damaged
RET-000363,ORD-002136,B0C14B2M8L,1,2024-11-18,quality issue,opened
RET-000364,ORD-002138,B00RADH5S3,1,2024-12-08,not as described,resellable
RET-000365,ORD-002141,B0AH374DW8,1,2024-12-09,arrived damaged,damaged
RET-000366,ORD-002143,B0WXUN8SX9,1,2024-12-03,not as described,resellable
RET-000367,ORD-002147,VH-1025,1,2024-12-23,changed mind,resellable
RET-000368,ORD-002153,B0WXUN8SX9,1,2024-12-11,quality issue,damaged
RET-000369,ORD-002167,B0JJCQQ73Q,1,2024-12-01,quality issue,damaged
RET-000370,ORD-002170,B00LHXS3KS,1,2024-12-28,arrived damaged,damaged
RET-000371,ORD-002176,B0WXUN8SX9,1,2024-11-18,arrived damaged,damaged
RET-000372,ORD-002182,B0WXUN8SX9,1,2024-11-21,not as described,opened
RET-000373,ORD-002186,VH-1096,1,2024-12-02,changed mind,resellable
RET-000374,ORD-002191,B0WXUN8SX9,2,2024-11-22,arrived damaged,resellable
RET-000375,ORD-002193,B0BW9EFX8S,1,2024-12-01,quality issue,opened
RET-000376,ORD-002196,B0R3PJRMZ0,3,2024-11-25,changed mind,resellable
RET-000377,ORD-002197,B0CZC3PXCW,1,2024-12-03,quality issue,resellable
RET-000378,ORD-002198,B02U1TMWTY,1,2024-11-22,not as described,opened
RET-000379,ORD-002210,vh marble water bottle ,1,2025-01-19,not as described,opened
RET-000380,ORD-002220,B00RADH5S3,1,2024-12-11,changed mind,opened
RET-000381,ORD-002228,B0WXUN8SX9,1,2024-12-01,no longer needed,resellable
RET-000382,ORD-002231,VH-1061,1,2024-11-26,no longer needed,resellable
RET-000383,ORD-002246,B0WXUN8SX9,1,2024-11-15,changed mind,resellable
RET-000384,ORD-002277,VH-1075,1,2024-11-19,changed mind,resellable
RET-000385,ORD-002292,B0HC6GKYNZ,1,2024-12-01,wrong item,opened
RET-000386,ORD-002297,B0WXUN8SX9,1,2024-11-21,changed mind,resellable
RET-000387,ORD-002317,B0GKVZ8140,1,2024-12-15,not as described,resellable
RET-000388,ORD-002325,B00RADH5S3,1,2024-12-02,changed mind,resellable
RET-000389,ORD-002332,B0WXUN8SX9,1,2024-11-30,arrived damaged,damaged
RET-000390,ORD-002347,B0WXUN8SX9,1,2024-12-20,changed mind,resellable
RET-000391,ORD-002357,B0GQ0AUTHT,1,2024-12-10,changed mind,resellable
RET-000392,ORD-002364,B0C14B2M8L,1,2024-11-17,quality issue,damaged
RET-000393,ORD-002369,B0NNFJVLCD,1,2024-12-07,changed mind,resellable
RET-000394,ORD-002369,B0XS5B40FN,1,2024-12-04,not as described,damaged
RET-000395,ORD-002372,B0TE7M6JWU,1,2024-12-07,no longer needed,resellable
RET-000396,ORD-002382,B00RADH5S3,1,2024-12-16,changed mind,resellable
RET-000397,ORD-002383,B04BS1RFN3,1,2024-11-30,changed mind,resellable
RET-000398,ORD-002389,B00RADH5S3,1,2024-12-22,changed mind,resellable
RET-000399,ORD-002394,B0WXUN8SX9,2,2024-12-08,not as described,resellable
RET-000400,ORD-002414,B0WXUN8SX9,1,2024-12-15,no longer needed,resellable
RET-000401,ORD-002419,B00RADH5S3,1,2024-11-23,not as described,resellable
RET-000402,ORD-002422, vh terracotta carafe ,1,2025-01-07,changed mind,opened
RET-000403,ORD-002424,B07LLE55WZ,1,2024-12-30,no longer needed,resellable
RET-000404,ORD-002428,B0WXUN8SX9,1,2024-11-23,changed mind,resellable
RET-000405,ORD-002437,B0WXUN8SX9,1,2024-11-30,changed mind,resellable
RET-000406,ORD-002441,VH-1112,1,2025-01-26,quality issue,opened
RET-000407,ORD-002455,B0PLGQ0WUW,1,2024-12-04,not as described,opened
RET-000408,ORD-002456, ceramic dinnr set 12 piece ,1,2024-12-01,no longer needed,opened
RET-000409,ORD-002458,B0GQ0AUTHT,2,2024-12-16,no longer needed,resellable
RET-000410,ORD-002459,B0WXUN8SX9,1,2024-11-10,quality issue,damaged
RET-000411,ORD-002464,B0NNFJVLCD,1,2024-12-14,quality issue,opened
RET-000412,ORD-002464,B0G9FTWQ6C,2,2024-12-10,wrong item,resellable
RET-000413,ORD-002473,B0XVBEPU7E,1,2024-12-10,changed mind,opened
RET-000414,ORD-002480,B00RADH5S3,1,2024-11-23,changed mind,resellable
RET-000415,ORD-002551,B00RADH5S3,1,2024-12-02,changed mind,opened
RET-000416,ORD-002563,B0WXUN8SX9,1,2024-11-26,not as described,damaged
RET-000417,ORD-002566,B00RADH5S3,1,2024-11-23,changed mind,damaged
RET-000418,ORD-002567,staisteestanmixe  ,2,2024-12-19,not as described,opened
RET-000419,ORD-002586,B0L1F47G91,1,2024-12-19,wrong item,resellable
RET-000420,ORD-002592,B00RADH5S3,1,2024-12-01,no longer needed,opened
RET-000421,ORD-002618,VH-1069,1,2024-12-03,arrived damaged,resellable
RET-000422,ORD-002628,staisteestanmixe ,1,2024-11-28,arrived damaged,damaged
RET-000423,ORD-002633,B0N0SG1LUL,1,2024-12-16,changed mind,resellable
RET-000424,ORD-002648,B0WXUN8SX9,1,2024-11-04,no longer needed,resellable
RET-000425,ORD-002658,B00RADH5S3,1,2024-12-08,changed mind,resellable
RET-000426,ORD-002663, slatsalabowl  ,1,2024-11-13,changed mind,resellable
RET-000427,ORD-002665,B0YZNEKZT7,1,2024-12-17,no longer needed,resellable
RET-000428,ORD-002667,B0W3L9K2TT,1,2025-01-09,arrived damaged,opened
RET-000429,ORD-002675,VH-1023,1,2024-11-27,arrived damaged,damaged
RET-000430,ORD-002684,B0ES9828ZD,1,2024-11-27,changed mind,resellable
RET-000431,ORD-002686,B0WXUN8SX9,1,2024-12-09,arrived damaged,damaged
RET-000432,ORD-002700,B0R3PJRMZ0,1,2025-01-27,changed mind,resellable
RET-000433,ORD-002702,VH-1034,1,2024-11-19,no longer needed,resellable
RET-000434,ORD-002708,B0PSBKCKDF,1,2024-11-28,arrived damaged,opened
RET-000435,ORD-002716,B0WXUN8SX9,1,2024-11-20,arrived damaged,damaged
RET-000436,ORD-002719,B0RXXN9M2M,1,2025-01-16,wrong item,opened
RET-000437,ORD-002727, marble_placemat_set ,1,2024-11-26,not as described,damaged
RET-000438,ORD-002730,B0NNFJVLCD,1,2024-11-15,changed mind,resellable
RET-000439,ORD-002732,B0WXUN8SX9,2,2024-11-21,no longer needed,opened
RET-000440,ORD-002739,B0NNFJVLCD,1,2024-12-13,quality issue,damaged
RET-000441,ORD-002742,vh bamboo turner  ,1,2024-11-26,changed mind,opened
RET-000442,ORD-002752,B04FTSGMDD,2,2024-12-21,quality issue,resellable
RET-000443,ORD-002754,B0L1F47G91,1,2024-11-20,changed mind,resellable
RET-000444,ORD-002789,B0XLHGCJNR,1,2024-12-25,no longer needed,resellable
RET-000445,ORD-002791,bambeleckett  ,1,2024-11-11,changed mind,resellable
RET-000446,ORD-002795,B0BW9EFX8S,1,2024-11-17,not as described,resellable
RET-000447,ORD-002798,B0WXUN8SX9,1,2024-11-15,changed mind,resellable
RET-000448,ORD-002801,VH-1107,1,2024-12-04,not as described,opened
RET-000449,ORD-002812,B00RADH5S3,1,2024-11-21,no longer needed,resellable
RET-000450,ORD-002818,B0WXUN8SX9,1,2024-11-29,not as described,opened
RET-000451,ORD-002824,B0G1ZLZB9X,1,2024-11-26,not as described,resellable
RET-000452,ORD-002825,B0LZTYNZMM,1,2024-12-26,not as described,damaged
RET-000453,ORD-002829,B0LZTYNZMM,2,2024-12-01,changed mind,opened
RET-000454,ORD-002831,B00RADH5S3,1,2024-12-21,changed mind,resellable
RET-000455,ORD-002837,VH-1101,1,2024-12-03,arrived damaged,damaged
RET-000456,ORD-002841,staisteestanmixe ,1,2024-11-25,not as described,resellable
RET-000457,ORD-002857,oak placeat set  ,1,2024-11-26,wrong item,resellable
RET-000458,ORD-002857,ceramic dinnr set 12 piece ,1,2024-12-03,no longer needed,resellable
RET-000459,ORD-002857,cerapantbox  ,1,2024-11-26,changed mind,resellable
RET-000460,ORD-002861,B0WXUN8SX9,1,2024-12-11,quality issue,damaged
RET-000461,ORD-002862,B0HGZ5AHB5,1,2024-11-18,wrong item,resellable
RET-000462,ORD-002873,B0NTQBZ4V2,3,2024-11-30,no longer needed,resellable
RET-000463,ORD-002884,B0WXUN8SX9,1,2024-12-04,changed mind,resellable
RET-000464,ORD-002892,B00RADH5S3,1,2024-12-13,changed mind,resellable
RET-000465,ORD-002901, vh terracotta carafe ,1,2024-12-14,arrived damaged,damaged
RET-000466,ORD-002901,staisteestanmixe  ,1,2024-12-28,not as described,damaged
RET-000467,ORD-002902,B0WXUN8SX9,1,2024-12-23,not as described,opened
RET-000468,ORD-002905,B0WXUN8SX9,1,2024-12-01,wrong item,resellable
RET-000469,ORD-002914,VH-1057,1,2024-11-15,not as described,opened
RET-000470,ORD-002918,VH-1015,1,2024-11-24,arrived damaged,opened
RET-000471,ORD-002919,VH-1019,1,2024-11-28,arrived damaged,damaged
RET-000472,ORD-002936,B0D27V1BVA,1,2024-12-23,changed mind,resellable
RET-000473,ORD-002951,B02ZXK0X7U,1,2024-11-23,no longer needed,resellable
RET-000474,ORD-002952,slatsalabowl  ,2,2024-12-30,arrived damaged,damaged
RET-000475,ORD-002957,B00RADH5S3,1,2024-12-09,not as described,damaged
RET-000476,ORD-002961,B0HGZ5AHB5,1,2024-12-24,quality issue,damaged
RET-000477,ORD-002969, vh enamel tea towel set ,1,2025-01-07,not as described,resellable
RET-000478,ORD-002971,B0WXUN8SX9,1,2024-11-19,changed mind,resellable
RET-000479,ORD-002983,VH-1039,1,2024-12-03,changed mind,resellable
RET-000480,ORD-002984,B0HC6GKYNZ,1,2024-12-30,changed mind,resellable
RET-000481,ORD-002988,B00RADH5S3,1,2024-11-30,quality issue,damaged
RET-000482,ORD-003009,stonfryipan ,1,2024-12-08,quality issue,damaged
RET-000483,ORD-003010,B0PFWXAFNA,1,2024-12-01,arrived damaged,resellable
RET-000484,ORD-003010,B0GKGBFV52,1,2024-12-06,changed mind,damaged
RET-000485,ORD-003018,terracotta saut pan  ,1,2024-11-15,wrong item,resellable
RET-000486,ORD-003022,B0WXUN8SX9,1,2024-12-20,changed mind,resellable
RET-000487,ORD-003043,B0QRA7AREC,1,2024-12-20,changed mind,opened
RET-000488,ORD-003049,B0HC6GKYNZ,1,2024-11-21,arrived damaged,opened
RET-000489,ORD-003050,B00RADH5S3,1,2024-11-15,changed mind,resellable
RET-000490,ORD-003060,B0KWHTZDZV,1,2024-12-07,not as described,opened
RET-000491,ORD-003077,B0QT3U9PL7,1,2024-11-16,changed mind,resellable
RET-000492,ORD-003080,B0WXUN8SX9,1,2024-11-19,changed mind,resellable
RET-000493,ORD-003082,B06AAM59LS,1,2024-11-20,changed mind,resellable
RET-000494,ORD-003094,B00RADH5S3,1,2024-11-15,changed mind,resellable
RET-000495,ORD-003104,B0GKGBFV52,1,2024-11-19,changed mind,damaged
RET-000496,ORD-003112,B0JJCQQ73Q,1,2025-02-05,quality issue,opened
RET-000497,ORD-003115,B0WXUN8SX9,1,2024-12-29,no longer needed,damaged
RET-000498,ORD-003122,B00RADH5S3,1,2025-01-18,changed mind,opened
RET-000499,ORD-003129,VH-1097,1,2025-01-18,changed mind,resellable
RET-000500,ORD-003130,B0G1ZLZB9X,1,2024-12-23,not as described,opened
RET-000501,ORD-003132,B01V4ZLB05,1,2025-01-01,changed mind,resellable
RET-000502,ORD-003132,B0XS5B40FN,1,2024-12-24,wrong item,opened
RET-000503,ORD-003136,VH-1057,1,2024-12-26,not as described,opened
RET-000504,ORD-003137,B0WXUN8SX9,1,2024-12-28,no longer needed,resellable
RET-000505,ORD-003140,B0XVBEPU7E,1,2025-01-03,wrong item,damaged
RET-000506,ORD-003143,B0LZTYNZMM,1,2025-01-15,arrived damaged,resellable
RET-000507,ORD-003148,B0QRA7AREC,1,2025-01-15,changed mind,opened
RET-000508,ORD-003149,B07LLE55WZ,1,2024-12-15,not as described,opened
RET-000509,ORD-003152,B00RADH5S3,1,2024-12-22,changed mind,resellable
RET-000510,ORD-003154,B0C14B2M8L,1,2025-01-20,no longer needed,resellable
RET-000511,ORD-003157,B0WXUN8SX9,1,2024-12-16,wrong item,resellable
RET-000512,ORD-003158,B0WXUN8SX9,2,2024-12-24,quality issue,opened
RET-000513,ORD-003160,B00RADH5S3,1,2025-01-02,quality issue,damaged
RET-000514,ORD-003166,B0QRL5NZ0E,1,2024-12-13,no longer needed,opened
RET-000515,ORD-003171,B0QRL5NZ0E,1,2025-01-18,changed mind,resellable
RET-000516,ORD-003171,B0WXUN8SX9,1,2024-12-28,wrong item,resellable
RET-000517,ORD-003175,B00LHXS3KS,1,2024-12-30,not as described,resellable
RET-000518,ORD-003182,VH-1093,1,2025-01-17,changed mind,resellable
RET-000519,ORD-003185,B00RADH5S3,1,2024-12-28,not as described,resellable
RET-000520,ORD-003187,B0WXUN8SX9,3,2025-02-08,no longer needed,resellable
RET-000521,ORD-003188,B0TBXU1FDC,1,2024-12-16,arrived damaged,damaged
RET-000522,ORD-003204,stoneware-electric-kettle  ,1,2024-12-09,quality issue,resellable
RET-000523,ORD-003210,B00RADH5S3,1,2025-01-05,not as described,resellable
RET-000524,ORD-003210,B0L1F47G91,1,2025-02-05,arrived damaged,damaged
RET-000525,ORD-003211,B0WXUN8SX9,1,2024-12-14,quality issue,opened
RET-000526,ORD-003212,B0XLHGCJNR,1,2025-01-05,quality issue,damaged
RET-000527,ORD-003225,B00RADH5S3,4,2024-12-26,changed mind,resellable
RET-000528,ORD-003228,VH-1083,1,2024-12-27,not as described,opened
RET-000529,ORD-003230,slatplacset ,1,2025-02-14,quality issue,opened
RET-000530,ORD-003232,B0WXUN8SX9,1,2024-12-18,no longer needed,resellable
RET-000531,ORD-003237,B0R3PJRMZ0,1,2025-01-22,changed mind,opened
RET-000532,ORD-003241,B00RADH5S3,1,2024-12-11,changed mind,resellable
RET-000533,ORD-003244,VH-1044,1,2024-12-29,not as described,resellable
RET-000534,ORD-003250,VH-1067,1,2024-12-27,changed mind,opened
RET-000535,ORD-003261,VH-1055,1,2024-12-24,quality issue,damaged
RET-000536,ORD-003281,B0GKVZ8140,1,2025-02-15,changed mind,resellable
RET-000537,ORD-003287, stoeware serving board  ,1,2024-12-14,changed mind,opened
RET-000538,ORD-003290,VH-1051,1,2025-01-14,no longer needed,opened
RET-000539,ORD-003294,B0PLGQ0WUW,1,2025-01-16,not as described,opened
RET-000540,ORD-003296,B0WXUN8SX9,1,2025-01-07,changed mind,resellable
RET-000541,ORD-003337,B00RADH5S3,1,2025-02-16,wrong item,resellable
RET-000542,ORD-003342,VH-1083,1,2025-01-01,quality issue,resellable
RET-000543,ORD-003352,B0WXUN8SX9,1,2025-01-06,no longer needed,resellable
RET-000544,ORD-003359,B0Z7JH8CX7,1,2024-12-20,wrong item,resellable
RET-000545,ORD-003359,B0KT4D60ZK,1,2024-12-07,not as described,resellable
RET-000546,ORD-003364,B0YMGZD1WQ,2,2024-12-31,changed mind,resellable
RET-000547,ORD-003376,B0WXUN8SX9,1,2024-12-16,wrong item,resellable
RET-000548,ORD-003378,B044FDSE6A,1,2025-02-15,changed mind,opened
RET-000549,ORD-003381,VH-1107,1,2024-12-29,not as described,damaged
RET-000550,ORD-003388,B0WXUN8SX9,1,2024-12-26,not as described,damaged
RET-000551,ORD-003400,staisteestanmixe  ,1,2024-12-12,changed mind,resellable
RET-000552,ORD-003404,VH-1057,1,2025-01-02,arrived damaged,damaged
RET-000553,ORD-003410,B0WXUN8SX9,1,2025-01-09,changed mind,resellable
RET-000554,ORD-003419,B0S1ZHPN2M,1,2025-01-12,changed mind,resellable
RET-000555,ORD-003420,B00RADH5S3,1,2025-01-06,wrong item,opened
RET-000556,ORD-003422,B0WXUN8SX9,1,2025-01-01,changed mind,resellable
RET-000557,ORD-003422,B0BW9EFX8S,1,2025-02-04,changed mind,resellable
RET-000558,ORD-003425,B0L1F47G91,1,2024-12-28,changed mind,resellable
RET-000559,ORD-003433,B0W8N8XWYK,1,2024-12-29,changed mind,resellable
RET-000560,ORD-003440,B00RADH5S3,1,2024-12-20,no longer needed,resellable
RET-000561,ORD-003453,B07LLE55WZ,3,2025-01-18,no longer needed,resellable
RET-000562,ORD-003455,B0GQ0AUTHT,1,2024-12-27,not as described,opened
RET-000563,ORD-003462,VH-1091,1,2025-01-21,no longer needed,resellable
RET-000564,ORD-003463, cast_iron_baking_sheet ,1,2024-12-26,not as described,damaged
RET-000565,ORD-003472,B0WXUN8SX9,1,2024-12-30,changed mind,resellable
RET-000566,ORD-003480,B0WXUN8SX9,1,2024-12-26,no longer needed,resellable
RET-000567,ORD-003487,B0R6SMCWAT,1,2024-12-17,not as described,resellable
RET-000568,ORD-003487,B0WXUN8SX9,1,2024-12-06,changed mind,damaged
RET-000569,ORD-003490,B0WXUN8SX9,1,2024-12-28,changed mind,opened
RET-000570,ORD-003496,B0QRA7AREC,1,2025-01-06,wrong item,opened
RET-000571,ORD-003501,B00RADH5S3,1,2024-12-24,arrived damaged,damaged
RET-000572,ORD-003502,B0XVBEPU7E,1,2024-12-30,changed mind,resellable
RET-000573,ORD-003513,B00RADH5S3,1,2024-12-28,changed mind,resellable
RET-000574,ORD-003514,B0L1F47G91,1,2025-01-09,quality issue,opened
RET-000575,ORD-003522,VH-1029,1,2025-02-02,arrived damaged,damaged
RET-000576,ORD-003524,B0WXUN8SX9,1,2025-01-20,not as described,resellable
RET-000577,ORD-003526,B044FDSE6A,3,2025-01-21,arrived damaged,opened
RET-000578,ORD-003541,ceramic dinnr set 12 piece ,2,2025-01-12,changed mind,resellable
RET-000579,ORD-003550,enamel_frying_pan  ,1,2025-01-27,changed mind,opened
RET-000580,ORD-003552,B00RADH5S3,1,2024-12-19,not as described,opened
RET-000581,ORD-003557,VH-1057,1,2025-01-27,not as described,damaged
RET-000582,ORD-003557,VH-1085,2,2025-01-29,arrived damaged,damaged
RET-000583,ORD-003566,B0R6SMCWAT,1,2025-01-08,no longer needed,resellable
RET-000584,ORD-003577,B0WXUN8SX9,1,2024-12-31,arrived damaged,damaged
RET-000585,ORD-003581,B0WXUN8SX9,1,2025-01-26,no longer needed,opened
RET-000586,ORD-003586,VH-1054,1,2025-01-15,wrong item,resellable
RET-000587,ORD-003594,staisteestanmixe  ,1,2025-01-08,no longer needed,resellable
RET-000588,ORD-003596,VH-1055,1,2025-01-23,changed mind,resellable
RET-000589,ORD-003600,B00RADH5S3,1,2025-01-12,quality issue,opened
RET-000590,ORD-003610,B0GQ0AUTHT,1,2024-12-29,no longer needed,resellable
RET-000591,ORD-003614,B0HGZ5AHB5,1,2025-01-05,changed mind,resellable
RET-000592,ORD-003615,B0WXUN8SX9,1,2025-01-18,changed mind,opened
RET-000593,ORD-003619,ceramic-spatula-set  ,1,2025-02-02,arrived damaged,damaged
RET-000594,ORD-003624, ceramic dinnr set 12 piece ,1,2024-12-18,changed mind,opened
RET-000595,ORD-003627,B0WXUN8SX9,1,2024-12-25,changed mind,damaged
RET-000596,ORD-003646,B0R6SMCWAT,1,2025-01-02,not as described,damaged
RET-000597,ORD-003660,B0CZC3PXCW,1,2025-01-10,not as described,opened
RET-000598,ORD-003669,B0HC6GKYNZ,1,2025-01-07,changed mind,resellable
RET-000599,ORD-003675,VH-1065,1,2025-02-18,not as described,resellable
RET-000600,ORD-003676,B0L1F47G91,1,2025-01-04,not as described,resellable
RET-000601,ORD-003677,B0HK5F3DG1,1,2025-01-06,changed mind,opened
RET-000602,ORD-003679,copper-loaf-tin ,1,2025-01-10,not as described,resellable
RET-000603,ORD-003684,B0WXUN8SX9,1,2025-01-13,quality issue,opened
RET-000604,ORD-003689,B00RADH5S3,1,2025-01-15,changed mind,resellable
RET-000605,ORD-003704,staisteestanmixe ,1,2024-12-16,changed mind,resellable
RET-000606,ORD-003716,B0D27V1BVA,1,2025-01-27,wrong item,opened
RET-000607,ORD-003718,VH-1054,1,2025-01-03,not as described,opened
RET-000608,ORD-003723,B00RADH5S3,1,2025-01-03,not as described,opened
RET-000609,ORD-003724,B00RADH5S3,4,2024-12-15,changed mind,opened
RET-000610,ORD-003725,VH-1081,1,2025-01-06,changed mind,resellable
RET-000611,ORD-003727,B0PLGQ0WUW,1,2024-12-23,no longer needed,resellable
RET-000612,ORD-003733,B0NNFJVLCD,1,2024-12-30,not as described,opened
RET-000613,ORD-003739,B0NNFJVLCD,1,2024-12-14,not as described,opened
RET-000614,ORD-003750,B044FDSE6A,1,2024-12-14,quality issue,damaged
RET-000615,ORD-003752,copper-pasta-bowl-set  ,1,2024-12-16,changed mind,resellable
RET-000616,ORD-003758,bamboo_grill_pan ,1,2025-01-21,quality issue,damaged
RET-000617,ORD-003761,B0L1F47G91,1,2025-01-13,no longer needed,resellable
RET-000618,ORD-003763,VH-1029,3,2025-01-25,no longer needed,opened
RET-000619,ORD-003769,B07LLE55WZ,2,2024-12-18,no longer needed,opened
RET-000620,ORD-003779,VH-1036,1,2025-01-07,quality issue,damaged
RET-000621,ORD-003783,B07YF2T8JE,1,2025-01-02,changed mind,resellable
RET-000622,ORD-003786,B0WXUN8SX9,1,2025-01-26,quality issue,damaged
RET-000623,ORD-003787,VH-1029,1,2025-01-19,changed mind,opened
RET-000624,ORD-003789,VH-1109,2,2024-12-26,arrived damaged,opened
RET-000625,ORD-003793,VH-1057,1,2025-01-05,arrived damaged,damaged
RET-000626,ORD-003799,B0GKGBFV52,1,2025-01-12,no longer needed,resellable
RET-000627,ORD-003804,B0WXUN8SX9,1,2025-01-12,no longer needed,resellable
RET-000628,ORD-003813,B0WXUN8SX9,1,2025-01-11,quality issue,damaged
RET-000629,ORD-003819,B0PLGQ0WUW,1,2024-12-15,wrong item,resellable
RET-000630,ORD-003823, cast_iron_baking_sheet ,2,2025-01-18,changed mind,resellable
RET-000631,ORD-003856,B0XVBEPU7E,2,2024-12-23,wrong item,resellable
RET-000632,ORD-003857,VH-1112,1,2024-12-10,quality issue,damaged
RET-000633,ORD-003859,B0GQ0AUTHT,2,2025-01-06,arrived damaged,damaged
RET-000634,ORD-003864,B0WXUN8SX9,1,2024-12-24,wrong item,resellable
RET-000635,ORD-003865,B04BS1RFN3,1,2025-01-01,no longer needed,resellable
RET-000636,ORD-003873,B0L1F47G91,1,2024-12-21,changed mind,resellable
RET-000637,ORD-003875,VH-1084,1,2024-12-13,wrong item,opened
RET-000638,ORD-003883,VH-1118,1,2025-01-18,quality issue,resellable
RET-000639,ORD-003884,staisteestanmixe ,1,2025-01-25,not as described,opened
RET-000640,ORD-003887,B07BFW8H1T,1,2025-01-21,changed mind,opened
RET-000641,ORD-003893,B00RADH5S3,1,2025-01-06,quality issue,opened
RET-000642,ORD-003901,B0TRA8NLKK,1,2024-12-17,quality issue,opened
RET-000643,ORD-003903,B0MLAXK2E1,1,2024-12-12,wrong item,resellable
RET-000644,ORD-003910, copper-pasta-bowl-set  ,1,2025-02-02,changed mind,opened
RET-000645,ORD-003915, ceramic dinnr set 12 piece  ,1,2025-01-09,changed mind,resellable
RET-000646,ORD-003921,VH-1084,1,2025-01-08,quality issue,resellable
RET-000647,ORD-003935,B0TE7M6JWU,1,2024-12-18,no longer needed,opened
RET-000648,ORD-003942, vh marble water bottle ,1,2025-01-06,changed mind,resellable
RET-000649,ORD-003945,B076GJU5HA,1,2025-01-07,no longer needed,damaged
RET-000650,ORD-003951,B076GJU5HA,1,2024-12-30,not as described,resellable
RET-000651,ORD-003954,VH-1009,2,2024-12-22,changed mind,resellable
RET-000652,ORD-003954,VH-1057,1,2025-01-04,changed mind,resellable
RET-000653,ORD-003957,B0WXUN8SX9,1,2025-01-04,not as described,resellable
RET-000654,ORD-003966,B044FDSE6A,1,2024-12-24,changed mind,resellable
RET-000655,ORD-003968,B0TRA8NLKK,1,2024-12-25,not as described,resellable
RET-000656,ORD-003973,B07YF2T8JE,1,2025-01-16,changed mind,resellable
RET-000657,ORD-003978,B0MLAXK2E1,1,2024-12-22,no longer needed,resellable
RET-000658,ORD-003979,glasstorjarsetof6  ,1,2025-01-05,arrived damaged,damaged
RET-000659,ORD-003990, coppapro  ,1,2025-01-10,quality issue,damaged
RET-000660,ORD-003998,VH-1055,1,2025-01-06,arrived damaged,damaged
RET-000661,ORD-003999,B0KT4D60ZK,1,2025-01-05,changed mind,damaged
RET-000662,ORD-004002,enamel-salad-bowl  ,1,2025-01-06,arrived damaged,damaged
RET-000663,ORD-004022,B0R6SMCWAT,1,2025-01-14,quality issue,damaged
RET-000664,ORD-004024,B0DF2MFPCY,1,2025-01-15,no longer needed,resellable
RET-000665,ORD-004024,B076GJU5HA,1,2024-12-27,changed mind,resellable
RET-000666,ORD-004025,VH-1080,1,2024-12-25,arrived damaged,damaged
RET-000667,ORD-004031,B07BFW8H1T,1,2025-01-01,quality issue,opened
RET-000668,ORD-004032,B00E7ZCXW5,3,2025-01-24,changed mind,resellable
RET-000669,ORD-004033,B00RADH5S3,1,2024-12-30,wrong item,resellable
RET-000670,ORD-004042,B00LHXS3KS,1,2025-01-01,not as described,resellable
RET-000671,ORD-004051,B0W8N8XWYK,1,2025-01-16,changed mind,resellable
RET-000672,ORD-004056, cast-iron-electric-kettle ,2,2024-12-23,not as described,opened
RET-000673,ORD-004057,VH-1091,2,2024-12-18,not as described,opened
RET-000674,ORD-004060,B00RADH5S3,1,2025-01-04,changed mind,resellable
RET-000675,ORD-004063,B01J3QMR6K,1,2024-12-05,changed mind,resellable
RET-000676,ORD-004073,B0GQ0AUTHT,1,2025-01-19,changed mind,opened
RET-000677,ORD-004075,B0ZM4P1CPY,3,2025-01-23,arrived damaged,damaged
RET-000678,ORD-004103,B0WXUN8SX9,1,2025-01-06,arrived damaged,opened
RET-000679,ORD-004108,B00RADH5S3,1,2024-12-22,changed mind,resellable
RET-000680,ORD-004112,B0WXUN8SX9,1,2024-12-30,no longer needed,resellable
RET-000681,ORD-004112,B0RXXN9M2M,1,2025-01-23,wrong item,resellable
RET-000682,ORD-004117,enaml mug set ,1,2025-01-21,arrived damaged,damaged
RET-000683,ORD-004145,B0GKVZ8140,1,2024-12-21,quality issue,damaged
RET-000684,ORD-004146,B0PSBKCKDF,2,2024-12-15,changed mind,resellable
RET-000685,ORD-004147,VH-1034,2,2024-12-28,quality issue,opened
RET-000686,ORD-004150,B0S1ZHPN2M,1,2025-02-06,changed mind,opened
RET-000687,ORD-004150,B00RADH5S3,1,2024-12-28,changed mind,opened
RET-000688,ORD-004151,B00RADH5S3,1,2024-12-31,changed mind,resellable
RET-000689,ORD-004157,B02U1TMWTY,1,2025-01-20,arrived damaged,damaged
RET-000690,ORD-004158,B0L1F47G91,1,2025-02-01,wrong item,opened
RET-000691,ORD-004165,B0HC6GKYNZ,1,2025-01-02,quality issue,opened
RET-000692,ORD-004174,B0XVBEPU7E,1,2024-12-24,arrived damaged,damaged
RET-000693,ORD-004179,B02ZXK0X7U,1,2024-12-19,changed mind,resellable
RET-000694,ORD-004199,B0C14B2M8L,1,2024-12-19,changed mind,opened
RET-000695,ORD-004206,B00RADH5S3,1,2024-12-24,wrong item,resellable
RET-000696,ORD-004210,VH-1017,1,2024-12-20,not as described,opened
RET-000697,ORD-004213,B00RADH5S3,1,2025-01-06,arrived damaged,damaged
RET-000698,ORD-004231,B00RADH5S3,1,2025-01-15,arrived damaged,damaged
RET-000699,ORD-004232, melamine-mug-set  ,1,2025-01-10,not as described,damaged
RET-000700,ORD-004233,VH-1062,1,2025-01-07,changed mind,resellable
RET-000701,ORD-004235,B0CZC3PXCW,1,2025-02-12,arrived damaged,opened
RET-000702,ORD-004238,B07YF2T8JE,1,2024-12-14,changed mind,resellable
RET-000703,ORD-004246,B0WXUN8SX9,1,2025-01-02,quality issue,opened
RET-000704,ORD-004249,ceramic dinnr set 12 piece  ,1,2025-01-02,no longer needed,resellable
RET-000705,ORD-004254,B0R3PJRMZ0,1,2024-12-11,changed mind,resellable
RET-000706,ORD-004276,B0SFE1R7XM,1,2025-01-03,changed mind,resellable
RET-000707,ORD-004287,B00RADH5S3,1,2025-01-16,not as described,resellable
RET-000708,ORD-004290,B0WXUN8SX9,1,2024-12-21,wrong item,resellable
RET-000709,ORD-004295,B0XLHGCJNR,2,2024-12-29,quality issue,opened
RET-000710,ORD-004300,staisteestanmixe ,1,2024-12-14,wrong item,resellable
RET-000711,ORD-004303,B0W8N8XWYK,1,2025-01-10,changed mind,damaged
RET-000712,ORD-004304,B02ZXK0X7U,1,2025-02-26,wrong item,resellable
RET-000713,ORD-004305,B0WXUN8SX9,1,2024-12-19,wrong item,resellable
RET-000714,ORD-004308,B0WXUN8SX9,1,2024-12-14,changed mind,resellable
RET-000715,ORD-004309,VH-1107,1,2024-12-18,arrived damaged,damaged
RET-000716,ORD-004311,B0S1TJJESE,1,2024-12-14,changed mind,resellable
RET-000717,ORD-004317,B0XLHGCJNR,1,2024-12-15,not as described,opened
RET-000718,ORD-004321,B0XVBEPU7E,1,2024-12-19,changed mind,damaged
RET-000719,ORD-004322,B044FDSE6A,1,2025-01-01,changed mind,opened
RET-000720,ORD-004339,B0CZC3PXCW,1,2025-01-03,changed mind,resellable
RET-000721,ORD-004346,B0X2XM7B9M,1,2025-01-12,no longer needed,opened
RET-000722,ORD-004347,B02U1TMWTY,1,2024-12-26,changed mind,resellable
RET-000723,ORD-004351,vh marble water bottle ,1,2024-12-23,arrived damaged,damaged
RET-000724,ORD-004359,VH-1088,1,2024-12-28,no longer needed,opened
RET-000725,ORD-004362,VH-1041,1,2025-01-10,arrived damaged,opened
RET-000726,ORD-004367,B0NNFJVLCD,1,2024-12-26,no longer needed,resellable
RET-000727,ORD-004370,B0WXUN8SX9,1,2024-12-30,arrived damaged,damaged
RET-000728,ORD-004372,B0LZTYNZMM,1,2025-01-10,wrong item,resellable
RET-000729,ORD-004374, marble_placemat_set ,1,2025-01-17,arrived damaged,damaged
RET-000730,ORD-004377, terrfryipan ,1,2025-02-09,arrived damaged,damaged
RET-000731,ORD-004381,B0S1TJJESE,1,2025-01-28,wrong item,opened
RET-000732,ORD-004390,ceramic salad owl ,1,2025-03-03,no longer needed,resellable
RET-000733,ORD-004393,vh marble water bottle  ,1,2025-02-06,no longer needed,opened
RET-000734,ORD-004401,B0WXUN8SX9,2,2025-02-07,wrong item,resellable
RET-000735,ORD-004408,VH-1019,1,2025-01-12,not as described,opened
RET-000736,ORD-004417,VH-1039,1,2025-02-16,no longer needed,opened
RET-000737,ORD-004422,cerapantbox ,1,2025-02-24,changed mind,resellable
RET-000738,ORD-004423,B01J3QMR6K,1,2025-02-20,changed mind,resellable
RET-000739,ORD-004423,B00RADH5S3,1,2025-02-18,not as described,opened
RET-000740,ORD-004427,VH-1044,1,2025-02-04,quality issue,damaged
RET-000741,ORD-004434,B07LLE55WZ,1,2025-02-03,no longer needed,resellable
RET-000742,ORD-004436,B0PFWXAFNA,1,2025-02-28,changed mind,resellable
RET-000743,ORD-004437,melamine-mug-set ,4,2025-01-15,changed mind,resellable
RET-000744,ORD-004442,B00E7ZCXW5,1,2025-02-26,changed mind,resellable
RET-000745,ORD-004460,B0CVL56XRT,1,2025-01-31,no longer needed,resellable
RET-000746,ORD-004461,B0TBF17EBH,1,2025-01-22,quality issue,damaged
RET-000747,ORD-004462,B01J3QMR6K,1,2025-02-09,changed mind,opened
RET-000748,ORD-004481,B07YF2T8JE,1,2025-01-18,not as described,resellable
RET-000749,ORD-004490,B00RADH5S3,1,2025-02-02,changed mind,resellable
RET-000750,ORD-004492,B01J3QMR6K,1,2025-01-28,no longer needed,opened
RET-000751,ORD-004498, vh acacia storage jar  ,1,2025-02-15,changed mind,resellable
RET-000752,ORD-004500,vh cast iron grill pan  ,1,2025-02-16,not as described,opened
RET-000753,ORD-004501,VH-1053,1,2025-03-17,not as described,resellable
RET-000754,ORD-004506, borocaniset  ,1,2025-01-13,changed mind,resellable
RET-000755,ORD-004515,B00RADH5S3,1,2025-02-01,no longer needed,opened
RET-000756,ORD-004518,VH-1025,1,2025-02-14,not as described,opened
RET-000757,ORD-004519,B0WXUN8SX9,1,2025-02-01,changed mind,opened
RET-000758,ORD-004524,B0TBF17EBH,1,2025-02-27,changed mind,resellable
RET-000759,ORD-004530,B0HC6GKYNZ,1,2025-03-25,no longer needed,resellable
RET-000760,ORD-004531,ceramic dinnr set 12 piece ,1,2025-01-31,changed mind,resellable
RET-000761,ORD-004533,VH-1057,1,2025-01-26,changed mind,resellable
RET-000762,ORD-004536,B0ZM4P1CPY,1,2025-01-14,arrived damaged,damaged
RET-000763,ORD-004540,VH-1057,1,2025-02-01,changed mind,opened
RET-000764,ORD-004542,B0WXUN8SX9,1,2025-01-12,changed mind,resellable
RET-000765,ORD-004546,B0TBF17EBH,1,2025-02-05,not as described,resellable
RET-000766,ORD-004580,VH-1087,1,2025-01-27,arrived damaged,damaged
RET-000767,ORD-004587,B0WXUN8SX9,1,2025-02-14,arrived damaged,opened
RET-000768,ORD-004587,B0TBF17EBH,1,2025-01-25,not as described,opened
RET-000769,ORD-004590,B01J3QMR6K,1,2025-01-15,quality issue,damaged
RET-000770,ORD-004590,B07BFW8H1T,1,2025-01-20,changed mind,resellable
RET-000771,ORD-004600,staisteestanmixe  ,1,2025-01-13,not as described,resellable
RET-000772,ORD-004602,B00RADH5S3,1,2025-01-20,no longer needed,resellable
RET-000773,ORD-004604,vh acacia storage jar ,2,2025-02-11,arrived damaged,damaged
RET-000774,ORD-004609,B07YF2T8JE,1,2025-01-22,quality issue,opened
RET-000775,ORD-004618,B0TBF17EBH,1,2025-01-26,changed mind,resellable
RET-000776,ORD-004618,B0MLAXK2E1,1,2025-02-10,changed mind,resellable
RET-000777,ORD-004620,B0NUXWWTXM,1,2025-02-18,changed mind,resellable
RET-000778,ORD-004634,B0TBF17EBH,1,2025-02-13,changed mind,resellable
RET-000779,ORD-004634,B0WXUN8SX9,1,2025-01-26,no longer needed,resellable
RET-000780,ORD-004635,B0WXUN8SX9,1,2025-01-22,no longer needed,opened
RET-000781,ORD-004641,borosilicate-grill-pan  ,1,2025-02-26,wrong item,resellable
RET-000782,ORD-004651,VH-1057,2,2025-03-06,changed mind,opened
RET-000783,ORD-004653,B0HGZ5AHB5,1,2025-02-06,changed mind,resellable
RET-000784,ORD-004666,B0BW9EFX8S,1,2025-02-06,changed mind,resellable
RET-000785,ORD-004674,bamboo-balloon-whisk ,2,2025-02-20,changed mind,resellable
RET-000786,ORD-004675,B0W8N8XWYK,1,2025-03-02,quality issue,opened
RET-000787,ORD-004682,B00RADH5S3,1,2025-02-08,quality issue,opened
RET-000788,ORD-004685,B0KWHTZDZV,1,2025-02-02,changed mind,resellable
RET-000789,ORD-004696,B0W3L9K2TT,1,2025-02-10,wrong item,resellable
RET-000790,ORD-004699,VH-1093,1,2025-01-30,arrived damaged,damaged
RET-000791,ORD-004710,VH-1047,1,2025-02-06,wrong item,opened
RET-000792,ORD-004710,VH-1053,1,2025-01-15,no longer needed,resellable
RET-000793,ORD-004713,B00RADH5S3,1,2025-01-26,not as described,damaged
RET-000794,ORD-004720,B00RADH5S3,1,2025-02-11,arrived damaged,damaged
RET-000795,ORD-004721,B0QT3U9PL7,1,2025-01-21,changed mind,resellable
RET-000796,ORD-004741,marbplat  ,1,2025-01-29,changed mind,opened
RET-000797,ORD-004759, terrapro ,1,2025-02-13,changed mind,resellable
RET-000798,ORD-004762,B04BS1RFN3,1,2025-01-14,not as described,resellable
RET-000799,ORD-004763,B0ZM4P1CPY,1,2025-01-25,not as described,opened
RET-000800,ORD-004777,B0PFWXAFNA,1,2025-01-11,changed mind,resellable
RET-000801,ORD-004782, borosilicate-food-chopper  ,1,2025-02-14,arrived damaged,damaged
RET-000802,ORD-004793,B0WXUN8SX9,1,2025-02-18,changed mind,opened
RET-000803,ORD-004793,B01J3QMR6K,1,2025-02-10,changed mind,opened
RET-000804,ORD-004795, vh bamboo turner ,2,2025-02-03,no longer needed,resellable
RET-000805,ORD-004809,B0WXUN8SX9,1,2025-02-02,no longer needed,opened
RET-000806,ORD-004812,B0XVBEPU7E,1,2025-02-01,no longer needed,opened
RET-000807,ORD-004814,B0HK5F3DG1,2,2025-03-20,not as described,opened
RET-000808,ORD-004824,B0TE7M6JWU,1,2025-01-23,quality issue,resellable
RET-000809,ORD-004829,B00RADH5S3,1,2025-01-09,no longer needed,opened
RET-000810,ORD-004857,B0S1ZHPN2M,1,2025-02-09,changed mind,opened
RET-000811,ORD-004861,B0YH2UG55T,1,2025-02-04,changed mind,resellable
RET-000812,ORD-004870,B0WXUN8SX9,1,2025-01-21,no longer needed,resellable
RET-000813,ORD-004873, ceramic dinnr set 12 piece  ,1,2025-01-30,quality issue,damaged
RET-000814,ORD-004878,VH-1085,1,2025-02-12,quality issue,opened
RET-000815,ORD-004879,B0WXUN8SX9,1,2025-01-28,changed mind,resellable
RET-000816,ORD-004881,B0TBF17EBH,1,2025-02-16,quality issue,opened
RET-000817,ORD-004884,B0TBF17EBH,1,2025-02-15,changed mind,resellable
RET-000818,ORD-004889,VH-1009,1,2025-03-05,changed mind,opened
RET-000819,ORD-004892,B069P5PLP6,1,2025-02-18,no longer needed,resellable
RET-000820,ORD-004898,B0WXUN8SX9,1,2025-01-29,arrived damaged,damaged
RET-000821,ORD-004908,B0PLGQ0WUW,1,2025-02-10,not as described,damaged
RET-000822,ORD-004917,B0HGZ5AHB5,1,2025-02-27,not as described,resellable
RET-000823,ORD-004924,B00RADH5S3,1,2025-02-02,wrong item,resellable
RET-000824,ORD-004927,B0WXUN8SX9,1,2025-02-17,no longer needed,resellable
RET-000825,ORD-004934,B0PFWXAFNA,1,2025-01-21,quality issue,resellable
RET-000826,ORD-004939,VH-1117,1,2025-01-16,changed mind,resellable
RET-000827,ORD-004943,B00LHXS3KS,1,2025-01-14,changed mind,resellable
RET-000828,ORD-004943,B0N0SG1LUL,1,2025-02-06,no longer needed,resellable
RET-000829,ORD-004944,B0WXUN8SX9,1,2025-01-19,changed mind,resellable
RET-000830,ORD-004947, borosilicate-food-chopper ,1,2025-02-04,wrong item,resellable
RET-000831,ORD-004953,B0WXUN8SX9,1,2025-02-15,not as described,opened
RET-000832,ORD-004954,B0GQ0AUTHT,1,2025-01-27,changed mind,opened
RET-000833,ORD-004967,B0WXUN8SX9,1,2025-02-15,wrong item,opened
RET-000834,ORD-004975,B0TBXU1FDC,1,2025-03-24,changed mind,resellable
RET-000835,ORD-004978,VH-1029,1,2025-03-03,no longer needed,resellable
RET-000836,ORD-004989,VH-1063,1,2025-03-11,arrived damaged,damaged
RET-000837,ORD-004994,B03RU2WGG5,1,2025-02-22,no longer needed,opened
RET-000838,ORD-004996, staisteestanmixe  ,1,2025-02-28,changed mind,opened
RET-000839,ORD-005003,B0PLGQ0WUW,1,2025-03-22,changed mind,resellable
RET-000840,ORD-005005,B02U1TMWTY,1,2025-03-29,quality issue,damaged
RET-000841,ORD-005006, slatsalabowl  ,1,2025-02-22,quality issue,damaged
RET-000842,ORD-005008,B0WXUN8SX9,1,2025-03-22,changed mind,resellable
RET-000843,ORD-005009,VH-1019,1,2025-02-25,changed mind,opened
RET-000844,ORD-005011,VH-1039,1,2025-03-02,quality issue,opened
RET-000845,ORD-005020,B0WXUN8SX9,1,2025-02-23,quality issue,damaged
RET-000846,ORD-005022,B0WXUN8SX9,1,2025-02-07,changed mind,resellable
RET-000847,ORD-005024,B00RADH5S3,1,2025-02-27,arrived damaged,damaged
RET-000848,ORD-005024,B044FDSE6A,1,2025-03-07,not as described,damaged
RET-000849,ORD-005030,B0NTQBZ4V2,1,2025-03-13,changed mind,opened
RET-000850,ORD-005037,B01J3QMR6K,1,2025-02-26,changed mind,resellable
RET-000851,ORD-005044,cermic pasta bowl set ,1,2025-03-14,changed mind,resellable
RET-000852,ORD-005046,B044FDSE6A,1,2025-02-19,changed mind,resellable
RET-000853,ORD-005046,B0W8N8XWYK,1,2025-02-16,no longer needed,resellable
RET-000854,ORD-005052,B0TBF17EBH,1,2025-02-13,wrong item,resellable
RET-000855,ORD-005071,B0R6SMCWAT,1,2025-03-04,no longer needed,damaged
RET-000856,ORD-005083,melamine-tumbler-set ,4,2025-02-27,no longer needed,resellable
RET-000857,ORD-005092,B0TBF17EBH,1,2025-02-18,no longer needed,opened
RET-000858,ORD-005101,B0KWHTZDZV,1,2025-03-17,not as described,resellable
RET-000859,ORD-005109,B0WXUN8SX9,1,2025-02-22,wrong item,damaged
RET-000860,ORD-005116,B0WXUN8SX9,1,2025-03-10,arrived damaged,damaged
RET-000861,ORD-005119,B0WXUN8SX9,1,2025-03-16,changed mind,resellable
RET-000862,ORD-005122,B0HGZ5AHB5,1,2025-02-15,arrived damaged,opened
RET-000863,ORD-005124,B0WXUN8SX9,1,2025-02-20,not as described,resellable
RET-000864,ORD-005130,VH-1053,1,2025-03-16,not as described,opened
RET-000865,ORD-005135,ceramic dinnr set 12 piece  ,1,2025-03-05,no longer needed,damaged
RET-000866,ORD-005142,B07BFW8H1T,3,2025-04-09,changed mind,opened
RET-000867,ORD-005154,B0PFWXAFNA,1,2025-02-24,changed mind,resellable
RET-000868,ORD-005154,B04BS1RFN3,1,2025-02-25,arrived damaged,damaged
RET-000869,ORD-005159,B0WXUN8SX9,2,2025-02-26,changed mind,resellable
RET-000870,ORD-005168,VH-1087,1,2025-02-28,changed mind,resellable
RET-000871,ORD-005188, staisteestanmixe ,1,2025-02-08,no longer needed,resellable
RET-000872,ORD-005200,VH-1037,1,2025-02-27,not as described,opened
RET-000873,ORD-005201,B0TBF17EBH,1,2025-03-01,no longer needed,resellable
RET-000874,ORD-005206,B0CZC3PXCW,1,2025-03-06,quality issue,damaged
RET-000875,ORD-005219,VH-1048,1,2025-04-05,no longer needed,resellable
RET-000876,ORD-005234,VH-1112,1,2025-04-24,changed mind,resellable
RET-000877,ORD-005235,B0WXUN8SX9,1,2025-02-28,changed mind,opened
RET-000878,ORD-005240,B0JJCQQ73Q,1,2025-04-27,quality issue,resellable
RET-000879,ORD-005242,B00RADH5S3,1,2025-02-20,not as described,damaged
RET-000880,ORD-005246,B06AAM59LS,1,2025-03-03,quality issue,opened
RET-000881,ORD-005254,B0XDTY1E1W,1,2025-03-05,changed mind,resellable
RET-000882,ORD-005255,B0TBF17EBH,4,2025-02-27,quality issue,damaged
RET-000883,ORD-005258,B0PLGQ0WUW,1,2025-03-17,wrong item,resellable
RET-000884,ORD-005281,B0C14B2M8L,1,2025-03-11,no longer needed,resellable
RET-000885,ORD-005286,B00RADH5S3,1,2025-02-25,not as described,resellable
RET-000886,ORD-005287,B00RADH5S3,1,2025-03-16,arrived damaged,damaged
RET-000887,ORD-005295,B01J3QMR6K,1,2025-03-12,arrived damaged,damaged
RET-000888,ORD-005299,VH-1029,1,2025-02-21,not as described,opened
RET-000889,ORD-005306,VH-1053,2,2025-03-02,quality issue,damaged
RET-000890,ORD-005312,B0S1TJJESE,1,2025-02-22,wrong item,resellable
RET-000891,ORD-005317,VH-1053,1,2025-03-22,quality issue,damaged
RET-000892,ORD-005345,B0WXUN8SX9,1,2025-02-20,not as described,resellable
RET-000893,ORD-005345,B0CZC3PXCW,1,2025-02-22,changed mind,opened
RET-000894,ORD-005351, vh slate hand blender  ,1,2025-03-07,changed mind,opened
RET-000895,ORD-005358,B0NTQBZ4V2,1,2025-03-03,changed mind,resellable
RET-000896,ORD-005369,B0CZC3PXCW,1,2025-03-22,no longer needed,damaged
RET-000897,ORD-005369,B0YZNEKZT7,1,2025-03-05,wrong item,opened
RET-000898,ORD-005371,B0GQ0AUTHT,2,2025-03-15,changed mind,resellable
RET-000899,ORD-005372,B0LZTYNZMM,1,2025-03-29,changed mind,resellable
RET-000900,ORD-005374,B0L1F47G91,1,2025-03-04,arrived damaged,damaged
RET-000901,ORD-005375,B0QGLWA5EL,1,2025-02-19,changed mind,opened
RET-000902,ORD-005376,B0LZTYNZMM,2,2025-02-18,not as described,resellable
RET-000903,ORD-005383,VH-1061,1,2025-03-14,changed mind,opened
RET-000904,ORD-005389, coppapro  ,1,2025-02-21,not as described,opened
RET-000905,ORD-005395,B0DUGKZEZ8,1,2025-03-13,changed mind,opened
RET-000906,ORD-005395,B0CZC3PXCW,1,2025-04-10,no longer needed,resellable
RET-000907,ORD-005401,B00RADH5S3,1,2025-03-03,arrived damaged,damaged
RET-000908,ORD-005403,B09VH9SRSS,1,2025-03-27,not as described,opened
RET-000909,ORD-005410,B0TBF17EBH,2,2025-02-16,wrong item,resellable
RET-000910,ORD-005418,B0TBF17EBH,4,2025-04-15,arrived damaged,damaged
RET-000911,ORD-005421,B0WXUN8SX9,1,2025-03-15,not as described,opened
RET-000912,ORD-005435,staisteestanmixe ,1,2025-03-18,changed mind,resellable
RET-000913,ORD-005437,B0TBF17EBH,1,2025-03-10,no longer needed,resellable
RET-000914,ORD-005439,B0JJCQQ73Q,1,2025-03-31,wrong item,resellable
RET-000915,ORD-005439,B0TBF17EBH,1,2025-03-01,changed mind,opened
RET-000916,ORD-005441,B00RADH5S3,1,2025-02-13,changed mind,opened
RET-000917,ORD-005442,VH-1105,1,2025-02-10,not as described,resellable
RET-000918,ORD-005446,B0LZTYNZMM,1,2025-04-25,wrong item,resellable
RET-000919,ORD-005450,B0XVBEPU7E,2,2025-03-29,no longer needed,resellable
RET-000920,ORD-005451,B0TBF17EBH,1,2025-04-04,wrong item,opened
RET-000921,ORD-005457,B0WXUN8SX9,1,2025-03-07,wrong item,opened
RET-000922,ORD-005465,B07YF2T8JE,1,2025-03-24,wrong item,resellable
RET-000923,ORD-005467,VH-1080,1,2025-02-19,changed mind,resellable
RET-000924,ORD-005468,B00RADH5S3,1,2025-03-04,quality issue,damaged
RET-000925,ORD-005479,B0WXUN8SX9,1,2025-03-15,changed mind,resellable
RET-000926,ORD-005481,B0TBF17EBH,1,2025-03-07,not as described,resellable
RET-000927,ORD-005486,VH-1111,1,2025-02-26,no longer needed,resellable
RET-000928,ORD-005490,VH-1118,1,2025-02-14,changed mind,resellable
RET-000929,ORD-005494,B00RADH5S3,1,2025-02-24,changed mind,resellable
RET-000930,ORD-005494,B02U1TMWTY,2,2025-02-24,no longer needed,resellable
RET-000931,ORD-005497,VH-1024,1,2025-03-31,arrived damaged,damaged
RET-000932,ORD-005509,slatsalabowl  ,1,2025-03-05,quality issue,resellable
RET-000933,ORD-005510,B00RADH5S3,1,2025-02-27,wrong item,resellable
RET-000934,ORD-005514, cast-iron-casserole-5l  ,1,2025-02-08,changed mind,resellable
RET-000935,ORD-005521,B0JJCQQ73Q,1,2025-03-19,no longer needed,opened
RET-000936,ORD-005522,B0WXUN8SX9,1,2025-03-11,changed mind,resellable
RET-000937,ORD-005523,B0LZTYNZMM,1,2025-03-04,changed mind,resellable
RET-000938,ORD-005526, stoneware_loaf_tin ,1,2025-03-02,changed mind,resellable
RET-000939,ORD-005532,VH-1097,1,2025-02-24,not as described,damaged
RET-000940,ORD-005539,VH-1079,1,2025-03-23,arrived damaged,damaged
RET-000941,ORD-005543,B0TBF17EBH,1,2025-03-20,changed mind,resellable
RET-000942,ORD-005549,VH-1059,1,2025-03-05,changed mind,damaged
RET-000943,ORD-005552,B0TBF17EBH,1,2025-03-02,no longer needed,resellable
RET-000944,ORD-005553,VH-1081,1,2025-04-01,arrived damaged,damaged
RET-000945,ORD-005555,B00RADH5S3,1,2025-04-02,changed mind,resellable
RET-000946,ORD-005567,B0L1F47G91,1,2025-04-11,quality issue,opened
RET-000947,ORD-005568,B0LZTYNZMM,1,2025-03-19,changed mind,resellable
RET-000948,ORD-005574, enamel_frying_pan ,1,2025-03-16,no longer needed,resellable
RET-000949,ORD-005577,B0QGLWA5EL,3,2025-03-13,arrived damaged,damaged
RET-000950,ORD-005582,B0BW9EFX8S,1,2025-02-24,no longer needed,opened
RET-000951,ORD-005584, slatsalabowl ,1,2025-02-18,quality issue,opened
RET-000952,ORD-005587,B0PFWXAFNA,1,2025-02-08,changed mind,opened
RET-000953,ORD-005593,VH-1013,1,2025-03-10,quality issue,damaged
RET-000954,ORD-005609,VH-1053,1,2025-03-05,no longer needed,resellable
RET-000955,ORD-005612,B0GKVZ8140,1,2025-04-11,not as described,opened
RET-000956,ORD-005614,bamboo-cake-tin ,1,2025-03-28,no longer needed,damaged
RET-000957,ORD-005620,B0XS5B40FN,1,2025-03-22,arrived damaged,damaged
RET-000958,ORD-005623,B00E7ZCXW5,1,2025-04-07,changed mind,resellable
RET-000959,ORD-005624,B0L1F47G91,1,2025-03-29,changed mind,resellable
RET-000960,ORD-005625,B0WXUN8SX9,1,2025-04-26,wrong item,resellable
RET-000961,ORD-005630,B04FTSGMDD,1,2025-03-17,no longer needed,resellable
RET-000962,ORD-005631,B03RU2WGG5,1,2025-03-26,no longer needed,resellable
RET-000963,ORD-005635,B0TBF17EBH,1,2025-04-08,changed mind,resellable
RET-000964,ORD-005635,B00RADH5S3,2,2025-04-02,quality issue,damaged
RET-000965,ORD-005635,B0NNFJVLCD,1,2025-03-26,arrived damaged,damaged
RET-000966,ORD-005638,B0GQ0AUTHT,1,2025-03-15,arrived damaged,damaged
RET-000967,ORD-005647,B00E7ZCXW5,1,2025-04-13,quality issue,resellable
RET-000968,ORD-005648,B04BS1RFN3,1,2025-04-07,changed mind,resellable
RET-000969,ORD-005648,B076GJU5HA,1,2025-04-21,changed mind,damaged
RET-000970,ORD-005666,B0N4R752V5,1,2025-04-11,changed mind,resellable
RET-000971,ORD-005671,VH-1053,1,2025-03-18,changed mind,opened
RET-000972,ORD-005671,VH-1057,1,2025-03-18,changed mind,resellable
RET-000973,ORD-005684,B00RADH5S3,1,2025-04-09,no longer needed,resellable
RET-000974,ORD-005704,B00RADH5S3,1,2025-04-17,wrong item,resellable
RET-000975,ORD-005706,B00RADH5S3,2,2025-04-11,changed mind,resellable
RET-000976,ORD-005715,B0GKVZ8140,1,2025-04-02,changed mind,resellable
RET-000977,ORD-005716, marbturn ,1,2025-05-14,changed mind,damaged
RET-000978,ORD-005722,B07LLE55WZ,1,2025-05-01,changed mind,resellable
RET-000979,ORD-005724,B0S1TJJESE,1,2025-04-15,wrong item,opened
RET-000980,ORD-005728,B0GKGBFV52,2,2025-04-18,changed mind,resellable
RET-000981,ORD-005734,B0GKGBFV52,1,2025-04-22,not as described,opened
RET-000982,ORD-005740,B0GKGBFV52,1,2025-03-16,changed mind,opened
RET-000983,ORD-005757,B0CZC3PXCW,1,2025-03-23,wrong item,opened
RET-000984,ORD-005766,B0TE7M6JWU,1,2025-04-07,no longer needed,resellable
RET-000985,ORD-005767,B0JJCQQ73Q,1,2025-03-11,arrived damaged,damaged
RET-000986,ORD-005771,B07YF2T8JE,1,2025-05-02,not as described,resellable
RET-000987,ORD-005777,B0WXUN8SX9,1,2025-04-02,changed mind,resellable
RET-000988,ORD-005778, melamine-mug-set  ,1,2025-03-26,no longer needed,resellable
RET-000989,ORD-005781,B0GQ0AUTHT,1,2025-03-29,quality issue,opened
RET-000990,ORD-005804,VH-1042,1,2025-04-22,changed mind,resellable
RET-000991,ORD-005807,B0WXUN8SX9,1,2025-03-31,changed mind,resellable
RET-000992,ORD-005809, terrapro  ,1,2025-03-22,no longer needed,resellable
RET-000993,ORD-005810,borosilicte turner  ,1,2025-04-29,not as described,resellable
RET-000994,ORD-005830,B00RADH5S3,1,2025-04-16,arrived damaged,damaged
RET-000995,ORD-005832,B0TBXU1FDC,2,2025-03-28,arrived damaged,damaged
RET-000996,ORD-005834,VH-1053,1,2025-03-21,quality issue,opened
RET-000997,ORD-005837,B0S1TJJESE,1,2025-03-22,changed mind,resellable
RET-000998,ORD-005840,B076GJU5HA,1,2025-04-02,no longer needed,resellable
RET-000999,ORD-005847,B0NNFJVLCD,1,2025-03-30,arrived damaged,damaged
RET-001000,ORD-005850,B00RADH5S3,1,2025-03-20,changed mind,opened
RET-001001,ORD-005853,VH-1057,1,2025-03-17,not as described,opened
RET-001002,ORD-005855,B0ZQ6DWCXF,1,2025-03-18,changed mind,resellable
RET-001003,ORD-005858,B0HC6GKYNZ,1,2025-03-31,changed mind,opened
RET-001004,ORD-005883,VH-1112,1,2025-04-07,changed mind,resellable
RET-001005,ORD-005887,B0WXUN8SX9,1,2025-03-19,not as described,resellable
RET-001006,ORD-005889,B0NNFJVLCD,1,2025-03-23,arrived damaged,damaged
RET-001007,ORD-005897,B0WXUN8SX9,1,2025-03-10,changed mind,resellable
RET-001008,ORD-005903,B00RADH5S3,1,2025-04-01,wrong item,resellable
RET-001009,ORD-005904,B0R6SMCWAT,1,2025-04-11,quality issue,resellable
RET-001010,ORD-005911,B0CZC3PXCW,1,2025-03-29,not as described,resellable
RET-001011,ORD-005912,B0GKGBFV52,1,2025-04-17,arrived damaged,damaged
RET-001012,ORD-005915,B0WXUN8SX9,1,2025-04-01,no longer needed,resellable
RET-001013,ORD-005918,B0CZC3PXCW,1,2025-03-18,wrong item,opened
RET-001014,ORD-005926, glasstorjarsetof6  ,1,2025-04-26,changed mind,resellable
RET-001015,ORD-005928,B00RADH5S3,2,2025-04-05,changed mind,resellable
RET-001016,ORD-005930,B0WXUN8SX9,1,2025-04-08,no longer needed,resellable
RET-001017,ORD-005933, stoneware_loaf_tin  ,1,2025-04-11,not as described,resellable
RET-001018,ORD-005934,B00RADH5S3,1,2025-03-28,quality issue,damaged
RET-001019,ORD-005945,VH-1037,1,2025-04-08,changed mind,opened
RET-001020,ORD-005947,B0W8N8XWYK,1,2025-04-10,changed mind,resellable
RET-001021,ORD-005953,B0WXUN8SX9,3,2025-04-13,changed mind,resellable
RET-001022,ORD-005957, enamel elecric kettle ,1,2025-03-27,arrived damaged,damaged
RET-001023,ORD-005964,B0TE7M6JWU,1,2025-04-08,changed mind,resellable
RET-001024,ORD-005964,B0NTQBZ4V2,2,2025-03-18,no longer needed,resellable
RET-001025,ORD-005968,B0WXUN8SX9,1,2025-03-26,arrived damaged,resellable
RET-001026,ORD-005972,B0CVL56XRT,1,2025-03-28,changed mind,opened
RET-001027,ORD-005975,B00H6QEFH6,1,2025-05-09,not as described,opened
RET-001028,ORD-005977,B0WXUN8SX9,1,2025-04-01,arrived damaged,damaged
RET-001029,ORD-005985,B0WXUN8SX9,1,2025-04-17,quality issue,opened
RET-001030,ORD-006000,VH-1113,2,2025-03-23,no longer needed,resellable
RET-001031,ORD-006009,B0LZTYNZMM,1,2025-04-11,changed mind,resellable
RET-001032,ORD-006011,B0PSBKCKDF,1,2025-04-10,no longer needed,resellable
RET-001033,ORD-006015,B0WXUN8SX9,1,2025-04-15,changed mind,resellable
RET-001034,ORD-006023,B0WXUN8SX9,1,2025-04-07,not as described,resellable
RET-001035,ORD-006023,B0NNFJVLCD,1,2025-05-06,changed mind,resellable
RET-001036,ORD-006042,B0TBF17EBH,1,2025-03-10,not as described,damaged
RET-001037,ORD-006049,B0XDTY1E1W,1,2025-03-17,arrived damaged,damaged
RET-001038,ORD-006050,B00RADH5S3,1,2025-04-10,changed mind,opened
RET-001039,ORD-006057,B0PSBKCKDF,1,2025-03-22,no longer needed,resellable
RET-001040,ORD-006062, staisteestanmixe  ,1,2025-03-26,wrong item,resellable
RET-001041,ORD-006063,VH-1000,1,2025-04-05,not as described,opened
RET-001042,ORD-006065,B0XS5B40FN,1,2025-04-03,quality issue,damaged
RET-001043,ORD-006078,B0SFE1R7XM,1,2025-04-03,changed mind,resellable
RET-001044,ORD-006082,stoneware-electric-kettle  ,1,2025-03-21,no longer needed,resellable
RET-001045,ORD-006086,B0L1F47G91,1,2025-04-03,changed mind,resellable
RET-001046,ORD-006096,B00E7ZCXW5,1,2025-04-17,arrived damaged,damaged
RET-001047,ORD-006096,B0TBF17EBH,1,2025-05-07,changed mind,resellable
RET-001048,ORD-006102,B0R6SMCWAT,1,2025-04-03,wrong item,resellable
RET-001049,ORD-006104,B00LHXS3KS,1,2025-03-14,quality issue,damaged
RET-001050,ORD-006105,VH-1117,1,2025-03-12,no longer needed,opened
RET-001051,ORD-006115,staisteestanmixe  ,2,2025-03-23,no longer needed,resellable
RET-001052,ORD-006127,B0R6SMCWAT,1,2025-05-07,quality issue,damaged
RET-001053,ORD-006127,B0HC6GKYNZ,2,2025-04-20,arrived damaged,damaged
RET-001054,ORD-006147,vh stainless steel muffin tray  ,1,2025-03-13,not as described,damaged
RET-001055,ORD-006147, cast-iron-casserole-5l ,1,2025-03-13,quality issue,resellable
RET-001056,ORD-006154,B0PSBKCKDF,1,2025-04-01,not as described,damaged
RET-001057,ORD-006159,B0TBF17EBH,1,2025-04-01,arrived damaged,damaged
RET-001058,ORD-006162,B0GQ0AUTHT,1,2025-05-23,no longer needed,resellable
RET-001059,ORD-006168,B0TBF17EBH,1,2025-04-04,arrived damaged,damaged
RET-001060,ORD-006171,VH-1107,1,2025-03-30,no longer needed,resellable
RET-001061,ORD-006174,B044FDSE6A,1,2025-04-14,changed mind,resellable
RET-001062,ORD-006182,B0TBF17EBH,1,2025-03-24,not as described,resellable
RET-001063,ORD-006182,B0PB2ANK9N,1,2025-04-05,changed mind,resellable
RET-001064,ORD-006205,terracotta_placemat_set  ,1,2025-03-25,wrong item,resellable
RET-001065,ORD-006214,B0TE7M6JWU,1,2025-04-07,changed mind,resellable
RET-001066,ORD-006217,B0WXUN8SX9,1,2025-03-27,arrived damaged,damaged
RET-001067,ORD-006219,B0R6SMCWAT,1,2025-03-23,no longer needed,resellable
RET-001068,ORD-006219,B0WXUN8SX9,1,2025-04-08,quality issue,opened
RET-001069,ORD-006229,B00RADH5S3,3,2025-04-12,changed mind,resellable
RET-001070,ORD-006230,B0L1F47G91,1,2025-05-02,changed mind,opened
RET-001071,ORD-006240,B0WXUN8SX9,2,2025-04-25,no longer needed,opened
RET-001072,ORD-006245,B00RADH5S3,1,2025-03-19,wrong item,damaged
RET-001073,ORD-006247,B00E7ZCXW5,1,2025-04-05,wrong item,damaged
RET-001074,ORD-006247,B0CVL56XRT,1,2025-04-13,not as described,resellable
RET-001075,ORD-006254,VH-1060,1,2025-03-22,changed mind,resellable
RET-001076,ORD-006259,B0TE7M6JWU,1,2025-05-01,not as described,resellable
RET-001077,ORD-006267,B0TBF17EBH,1,2025-03-29,changed mind,resellable
RET-001078,ORD-006273,B0NNFJVLCD,1,2025-04-22,wrong item,resellable
RET-001079,ORD-006273,B0WXUN8SX9,2,2025-04-01,wrong item,opened
RET-001080,ORD-006278,B0WXUN8SX9,1,2025-05-06,wrong item,opened
RET-001081,ORD-006279,VH-1069,1,2025-04-01,changed mind,opened
RET-001082,ORD-006283,acaia apron ,2,2025-04-13,changed mind,resellable
RET-001083,ORD-006291,VH-1014,1,2025-03-23,no longer needed,resellable
RET-001084,ORD-006295,B0WXUN8SX9,1,2025-03-24,changed mind,opened
RET-001085,ORD-006315,B0TBF17EBH,1,2025-04-26,not as described,damaged
RET-001086,ORD-006330,B0R6SMCWAT,1,2025-04-08,no longer needed,resellable
RET-001087,ORD-006331,VH-1019,1,2025-04-11,changed mind,resellable
RET-001088,ORD-006348,borosilicate_carafe  ,1,2025-03-27,quality issue,damaged
RET-001089,ORD-006350,B0WXUN8SX9,1,2025-03-08,quality issue,opened
RET-001090,ORD-006351,B0NTQBZ4V2,1,2025-03-24,wrong item,opened
RET-001091,ORD-006351,B0GQ0AUTHT,1,2025-03-24,wrong item,resellable
RET-001092,ORD-006356, glasstorjarsetof6  ,1,2025-03-11,not as described,resellable
RET-001093,ORD-006395,B0P5C1VXW0,1,2025-05-28,no longer needed,resellable
RET-001094,ORD-006396,B0NTQBZ4V2,1,2025-05-31,wrong item,opened
RET-001095,ORD-006414,B0JJCQQ73Q,2,2025-05-15,changed mind,damaged
RET-001096,ORD-006416,B0WXUN8SX9,1,2025-05-25,no longer needed,resellable
RET-001097,ORD-006417,B0G1ZLZB9X,1,2025-04-16,changed mind,resellable
RET-001098,ORD-006418,B04FTSGMDD,2,2025-04-24,not as described,damaged
RET-001099,ORD-006420,B00RADH5S3,1,2025-05-25,not as described,damaged
RET-001100,ORD-006424, staisteestanmixe  ,1,2025-04-23,quality issue,damaged
RET-001101,ORD-006426,B00RADH5S3,1,2025-04-10,not as described,damaged
RET-001102,ORD-006427,B0TBF17EBH,1,2025-05-18,wrong item,resellable
RET-001103,ORD-006431,B0WXUN8SX9,1,2025-06-02,arrived damaged,damaged
RET-001104,ORD-006434,B0QBC8YR1R,1,2025-05-09,arrived damaged,opened
RET-001105,ORD-006436, ceramic dinnr set 12 piece ,1,2025-04-13,not as described,resellable
RET-001106,ORD-006438,B0TBF17EBH,1,2025-05-11,changed mind,opened
RET-001107,ORD-006448, acacsauc  ,1,2025-05-22,no longer needed,resellable
RET-001108,ORD-006455,B0NTQBZ4V2,1,2025-04-27,changed mind,opened
RET-001109,ORD-006458,B0TBF17EBH,1,2025-05-13,changed mind,resellable
RET-001110,ORD-006459,VH-1086,1,2025-05-07,changed mind,opened
RET-001111,ORD-006467,B0WXUN8SX9,1,2025-04-25,not as described,damaged
RET-001112,ORD-006476,B0WXUN8SX9,1,2025-05-06,changed mind,damaged
RET-001113,ORD-006483,B00RADH5S3,1,2025-05-07,quality issue,damaged
RET-001114,ORD-006484,VH-1019,1,2025-04-14,changed mind,resellable
RET-001115,ORD-006492,B0G9FTWQ6C,1,2025-05-09,quality issue,opened
RET-001116,ORD-006497,B0L1F47G91,1,2025-06-08,changed mind,resellable
RET-001117,ORD-006509,B0L1F47G91,1,2025-05-11,no longer needed,resellable
RET-001118,ORD-006512,B0WXUN8SX9,1,2025-04-19,changed mind,resellable
RET-001119,ORD-006523,B00RADH5S3,1,2025-04-30,changed mind,resellable
RET-001120,ORD-006527, stoeware serving board ,1,2025-04-29,quality issue,damaged
RET-001121,ORD-006537,B0WXUN8SX9,1,2025-04-20,changed mind,resellable
RET-001122,ORD-006543,B0RXXN9M2M,1,2025-05-22,changed mind,resellable
RET-001123,ORD-006550,B0WXUN8SX9,1,2025-05-06,no longer needed,resellable
RET-001124,ORD-006553,B0HGZ5AHB5,1,2025-05-08,changed mind,resellable
RET-001125,ORD-006557,B0WXUN8SX9,1,2025-05-08,not as described,opened
RET-001126,ORD-006567,B07LLE55WZ,1,2025-05-01,arrived damaged,damaged
RET-001127,ORD-006571,staisteestanmixe ,1,2025-04-22,changed mind,resellable
RET-001128,ORD-006573,B0WXUN8SX9,1,2025-04-29,quality issue,opened
RET-001129,ORD-006576,VH-1085,1,2025-04-22,no longer needed,opened
RET-001130,ORD-006577,B0U862BR2Y,1,2025-04-20,wrong item,resellable
RET-001131,ORD-006588, vh bamboo turner ,1,2025-04-21,not as described,opened
RET-001132,ORD-006589,B0TBF17EBH,1,2025-05-15,changed mind,resellable
RET-001133,ORD-006595,B0ZM4P1CPY,1,2025-05-02,no longer needed,resellable
RET-001134,ORD-006596,B00RADH5S3,1,2025-05-01,not as described,damaged
RET-001135,ORD-006596,B0WXUN8SX9,1,2025-04-18,wrong item,resellable
RET-001136,ORD-006617,VH-1081,4,2025-06-02,not as described,resellable
RET-001137,ORD-006619,B044FDSE6A,1,2025-05-08,not as described,opened
RET-001138,ORD-006622,B0B1RBATAH,1,2025-05-18,no longer needed,resellable
RET-001139,ORD-006628,B0TBF17EBH,1,2025-05-09,quality issue,opened
RET-001140,ORD-006645,B0GQ0AUTHT,1,2025-05-02,not as described,resellable
RET-001141,ORD-006670,B07BFW8H1T,3,2025-04-23,not as described,resellable
RET-001142,ORD-006670,B0WXUN8SX9,1,2025-04-21,changed mind,resellable
RET-001143,ORD-006699,VH-1053,1,2025-05-24,changed mind,resellable
RET-001144,ORD-006719,B0WXUN8SX9,1,2025-04-29,arrived damaged,opened
RET-001145,ORD-006729,VH-1113,1,2025-04-17,changed mind,resellable
RET-001146,ORD-006739,B0CZC3PXCW,1,2025-05-03,not as described,opened
RET-001147,ORD-006744,vh bamboo kitchen utensil set  ,1,2025-05-03,arrived damaged,damaged
RET-001148,ORD-006752,VH-1053,3,2025-05-09,wrong item,opened
RET-001149,ORD-006753,B0UUZPWM7A,1,2025-04-26,changed mind,opened
RET-001150,ORD-006758,B0PFWXAFNA,1,2025-06-02,changed mind,opened
RET-001151,ORD-006758,B0S1ZHPN2M,1,2025-04-25,not as described,opened
RET-001152,ORD-006765,B00RADH5S3,1,2025-05-09,not as described,opened
RET-001153,ORD-006766,B0WXUN8SX9,1,2025-04-06,not as described,opened
RET-001154,ORD-006770,B0XVBEPU7E,1,2025-04-26,wrong item,damaged
RET-001155,ORD-006771,B0NTQBZ4V2,1,2025-04-27,no longer needed,resellable
RET-001156,ORD-006775,B0TBF17EBH,1,2025-05-04,wrong item,resellable
RET-001157,ORD-006778,B0WXUN8SX9,3,2025-04-22,arrived damaged,damaged
RET-001158,ORD-006782,B0WXUN8SX9,1,2025-05-20,arrived damaged,damaged
RET-001159,ORD-006785,B0WXUN8SX9,1,2025-04-30,changed mind,resellable
RET-001160,ORD-006791,VH-1092,1,2025-04-23,arrived damaged,damaged
RET-001161,ORD-006794,B0U862BR2Y,1,2025-06-10,no longer needed,resellable
RET-001162,ORD-006797,vh linen frying pan  ,1,2025-05-22,not as described,damaged
RET-001163,ORD-006798,VH-1057,1,2025-05-26,changed mind,resellable
RET-001164,ORD-006801,B0WXUN8SX9,1,2025-04-19,changed mind,resellable
RET-001165,ORD-006802,B04FTSGMDD,1,2025-05-17,quality issue,damaged
RET-001166,ORD-006810,B00RADH5S3,1,2025-05-25,not as described,resellable
RET-001167,ORD-006820, vh enamel tumbler set  ,1,2025-06-08,arrived damaged,opened
RET-001168,ORD-006826,B0FBSP8LCU,1,2025-06-04,not as described,damaged
RET-001169,ORD-006827,B0TBF17EBH,1,2025-04-23,changed mind,resellable
RET-001170,ORD-006830,B0WXUN8SX9,3,2025-05-14,no longer needed,resellable
RET-001171,ORD-006841,VH-1118,1,2025-05-10,changed mind,resellable
RET-001172,ORD-006844,B0PFWXAFNA,1,2025-04-17,not as described,opened
RET-001173,ORD-006862,B0QBC8YR1R,1,2025-05-08,wrong item,resellable
RET-001174,ORD-006874,B0TBXU1FDC,1,2025-05-03,no longer needed,opened
RET-001175,ORD-006884,VH-1113,1,2025-04-14,changed mind,resellable
RET-001176,ORD-006896,B0CZC3PXCW,1,2025-04-07,changed mind,opened
RET-001177,ORD-006897,VH-1085,2,2025-05-04,not as described,resellable
RET-001178,ORD-006912,B0WXUN8SX9,1,2025-04-16,not as described,resellable
RET-001179,ORD-006917,B0QBC8YR1R,1,2025-04-24,quality issue,damaged
RET-001180,ORD-006917,B00RADH5S3,1,2025-05-06,arrived damaged,damaged
RET-001181,ORD-006924,B0GQ0AUTHT,1,2025-05-09,not as described,resellable
RET-001182,ORD-006931,B0C14B2M8L,1,2025-04-21,wrong item,resellable
RET-001183,ORD-006936,B0XS5B40FN,1,2025-05-03,wrong item,resellable
RET-001184,ORD-006950,B0TBF17EBH,1,2025-05-26,changed mind,resellable
RET-001185,ORD-006953,B04CU9MZTG,1,2025-05-09,changed mind,opened
RET-001186,ORD-006962,B0TE7M6JWU,1,2025-06-10,wrong item,resellable
RET-001187,ORD-006962,B0S1ZHPN2M,1,2025-04-30,no longer needed,resellable
RET-001188,ORD-006968,B00RADH5S3,1,2025-05-19,arrived damaged,resellable
RET-001189,ORD-006969,VH-1073,1,2025-05-03,wrong item,opened
RET-001190,ORD-006970,VH-1087,1,2025-04-14,changed mind,opened
RET-001191,ORD-006977,B0TBF17EBH,1,2025-04-09,not as described,opened
RET-001192,ORD-006984,VH-1118,1,2025-06-29,quality issue,opened
RET-001193,ORD-006986,B0N4R752V5,1,2025-04-17,no longer needed,opened
RET-001194,ORD-007008,B0D27V1BVA,2,2025-04-22,no longer needed,resellable
RET-001195,ORD-007020,B0TE7M6JWU,1,2025-04-15,changed mind,opened
RET-001196,ORD-007021,B0HGZ5AHB5,1,2025-05-04,changed mind,opened
RET-001197,ORD-007030,B0C14B2M8L,1,2025-04-12,changed mind,resellable
RET-001198,ORD-007031,B0HC6GKYNZ,1,2025-04-14,changed mind,opened
RET-001199,ORD-007035,B0QT3U9PL7,1,2025-05-19,changed mind,resellable
RET-001200,ORD-007036,B0WXUN8SX9,1,2025-05-29,no longer needed,damaged
RET-001201,ORD-007038,B0TE7M6JWU,1,2025-05-16,arrived damaged,damaged
RET-001202,ORD-007047,B0WXUN8SX9,1,2025-05-10,changed mind,resellable
RET-001203,ORD-007053,B0WXUN8SX9,1,2025-05-15,not as described,resellable
RET-001204,ORD-007057,B0WXUN8SX9,3,2025-05-04,arrived damaged,resellable
RET-001205,ORD-007071,VH-1116,1,2025-05-27,quality issue,damaged
RET-001206,ORD-007083,VH-1071,1,2025-05-08,quality issue,damaged
RET-001207,ORD-007084,VH-1060,2,2025-04-28,changed mind,resellable
RET-001208,ORD-007090,B00RADH5S3,1,2025-05-23,wrong item,resellable
RET-001209,ORD-007092,B0R3PJRMZ0,2,2025-05-31,arrived damaged,damaged
RET-001210,ORD-007105,B0R6SMCWAT,1,2025-05-05,changed mind,resellable
RET-001211,ORD-007113,B0TBF17EBH,1,2025-04-26,changed mind,damaged
RET-001212,ORD-007114,B01FSLB5Q7,1,2025-04-20,wrong item,resellable
RET-001213,ORD-007130,B0L1F47G91,2,2025-04-07,no longer needed,resellable
RET-001214,ORD-007142,B06RJSMPSQ,1,2025-05-31,changed mind,resellable
RET-001215,ORD-007143,B0B1RBATAH,1,2025-06-25,not as described,opened
RET-001216,ORD-007144,VH-1053,1,2025-05-27,no longer needed,resellable
RET-001217,ORD-007145,VH-1097,1,2025-06-23,wrong item,opened
RET-001218,ORD-007152,B0GQ0AUTHT,1,2025-07-11,quality issue,opened
RET-001219,ORD-007152,B0W8N8XWYK,1,2025-06-12,no longer needed,damaged
RET-001220,ORD-007153,B0WXUN8SX9,1,2025-06-06,arrived damaged,damaged
RET-001221,ORD-007160,VH-1057,1,2025-06-09,changed mind,opened
RET-001222,ORD-007177,B0G9FTWQ6C,1,2025-06-10,changed mind,resellable
RET-001223,ORD-007191,B0TBF17EBH,1,2025-07-19,quality issue,resellable
RET-001224,ORD-007191,B0HC6GKYNZ,1,2025-06-06,changed mind,opened
RET-001225,ORD-007192,B0M5P2CY7D,1,2025-05-10,changed mind,resellable
RET-001226,ORD-007195,B0GKVZ8140,1,2025-05-18,quality issue,resellable
RET-001227,ORD-007200,VH-1079,1,2025-05-17,wrong item,opened
RET-001228,ORD-007215,B0TBF17EBH,1,2025-06-04,changed mind,opened
RET-001229,ORD-007216,B0WXUN8SX9,1,2025-06-05,no longer needed,resellable
RET-001230,ORD-007217,B0WXUN8SX9,1,2025-06-05,arrived damaged,resellable
RET-001231,ORD-007226,B0WXUN8SX9,1,2025-06-02,not as described,opened
RET-001232,ORD-007227,B0HC6GKYNZ,1,2025-06-01,no longer needed,resellable
RET-001233,ORD-007234, borosilicate-dinner-plate-set ,1,2025-06-01,quality issue,damaged
RET-001234,ORD-007237,B0TBF17EBH,1,2025-05-21,changed mind,resellable
RET-001235,ORD-007245,VH-1085,1,2025-05-23,changed mind,resellable
RET-001236,ORD-007254,B00RADH5S3,1,2025-06-04,changed mind,resellable
RET-001237,ORD-007258,B0PLGQ0WUW,1,2025-05-14,arrived damaged,damaged
RET-001238,ORD-007263,acacia_tumbler_set  ,1,2025-05-27,no longer needed,resellable
RET-001239,ORD-007271,VH-1009,1,2025-05-17,changed mind,resellable
RET-001240,ORD-007277,VH-1081,1,2025-07-02,arrived damaged,damaged
RET-001241,ORD-007278,stoeware serving board  ,1,2025-06-22,quality issue,opened
RET-001242,ORD-007279,B0AH374DW8,1,2025-05-21,not as described,damaged
RET-001243,ORD-007283,VH-1109,1,2025-05-30,changed mind,resellable
RET-001244,ORD-007299,B0MT6315WC,1,2025-05-16,quality issue,opened
RET-001245,ORD-007300, acacia-dinner-plate-set  ,1,2025-06-06,not as described,resellable
RET-001246,ORD-007304,B0WXUN8SX9,1,2025-06-04,quality issue,opened
RET-001247,ORD-007304,B07YF2T8JE,1,2025-06-07,changed mind,resellable
RET-001248,ORD-007311,B00RADH5S3,2,2025-05-17,changed mind,resellable
RET-001249,ORD-007314,VH-1049,1,2025-05-17,changed mind,resellable
RET-001250,ORD-007321,VH-1081,1,2025-06-04,quality issue,damaged
RET-001251,ORD-007325,B0WXUN8SX9,1,2025-06-01,not as described,resellable
RET-001252,ORD-007327,B0WXUN8SX9,1,2025-07-04,changed mind,resellable
RET-001253,ORD-007339,B0R6SMCWAT,1,2025-05-24,changed mind,opened
RET-001254,ORD-007340,B0WXUN8SX9,1,2025-05-14,not as described,resellable
RET-001255,ORD-007348,slate-platter  ,1,2025-07-08,arrived damaged,damaged
RET-001256,ORD-007350,B0WXUN8SX9,1,2025-05-27,not as described,resellable
RET-001257,ORD-007352,B06TDAT9ZQ,1,2025-05-08,changed mind,resellable
RET-001258,ORD-007358,VH-1087,3,2025-06-13,wrong item,opened
RET-001259,ORD-007360,B0WXUN8SX9,1,2025-06-28,wrong item,opened
RET-001260,ORD-007361,B0TBF17EBH,1,2025-06-20,wrong item,damaged
RET-001261,ORD-007363,B0MLAXK2E1,1,2025-06-25,changed mind,resellable
RET-001262,ORD-007370,VH-1072,1,2025-05-29,changed mind,resellable
RET-001263,ORD-007375,VH-1067,1,2025-05-30,not as described,resellable
RET-001264,ORD-007379,B00RADH5S3,1,2025-05-24,no longer needed,resellable
RET-001265,ORD-007386,VH-1052,1,2025-06-29,not as described,damaged
RET-001266,ORD-007394,B0S1ZHPN2M,1,2025-06-14,no longer needed,resellable
RET-001267,ORD-007399,B00RADH5S3,1,2025-06-04,not as described,resellable
RET-001268,ORD-007399,B06TDAT9ZQ,1,2025-05-30,wrong item,opened
RET-001269,ORD-007402, stonteatoweset ,1,2025-05-30,changed mind,damaged
RET-001270,ORD-007410,VH-1057,1,2025-06-05,quality issue,opened
RET-001271,ORD-007413,B0R6SMCWAT,1,2025-05-27,quality issue,damaged
RET-001272,ORD-007415,VH-1057,1,2025-06-03,changed mind,damaged
RET-001273,ORD-007416,B0JJCQQ73Q,1,2025-05-24,quality issue,damaged
RET-001274,ORD-007419,VH-1072,1,2025-05-27,changed mind,opened
RET-001275,ORD-007422,VH-1057,1,2025-06-05,changed mind,resellable
RET-001276,ORD-007428,enamel-salad-bowl  ,1,2025-06-07,no longer needed,resellable
RET-001277,ORD-007436,VH-1070,1,2025-05-14,not as described,opened
RET-001278,ORD-007437,B00RADH5S3,2,2025-06-04,changed mind,opened
RET-001279,ORD-007441,VH-1053,1,2025-05-10,no longer needed,resellable
RET-001280,ORD-007442,B01J3QMR6K,1,2025-05-07,no longer needed,resellable
RET-001281,ORD-007451,B0TBF17EBH,1,2025-06-06,arrived damaged,damaged
RET-001282,ORD-007454,B07BFW8H1T,4,2025-06-03,changed mind,resellable
RET-001283,ORD-007455,enamel-ladle ,1,2025-05-28,changed mind,resellable
RET-001284,ORD-007468,B0TBF17EBH,1,2025-05-17,quality issue,damaged
RET-001285,ORD-007474,B0NTQBZ4V2,1,2025-07-08,changed mind,opened
RET-001286,ORD-007476,boropastbowlset  ,1,2025-06-10,no longer needed,opened
RET-001287,ORD-007478,B0XVBEPU7E,1,2025-05-26,no longer needed,resellable
RET-001288,ORD-007482,B0TBF17EBH,1,2025-05-11,arrived damaged,resellable
RET-001289,ORD-007484,B0WXUN8SX9,1,2025-05-29,no longer needed,resellable
RET-001290,ORD-007488,B0WXUN8SX9,1,2025-05-28,no longer needed,resellable
RET-001291,ORD-007492,B0S1ZHPN2M,1,2025-05-23,not as described,resellable
RET-001292,ORD-007494,B0TBF17EBH,1,2025-05-28,changed mind,resellable
RET-001293,ORD-007504,B0TBXU1FDC,1,2025-05-19,changed mind,resellable
RET-001294,ORD-007505,B0NTQBZ4V2,1,2025-05-18,quality issue,damaged
RET-001295,ORD-007524,B02ZXK0X7U,1,2025-06-02,changed mind,opened
RET-001296,ORD-007527,enamel-ladle ,1,2025-06-13,arrived damaged,damaged
RET-001297,ORD-007534,B0L1F47G91,1,2025-06-12,not as described,resellable
RET-001298,ORD-007534,B0PFWXAFNA,1,2025-05-19,not as described,resellable
RET-001299,ORD-007540,B0TBF17EBH,1,2025-06-01,no longer needed,resellable
RET-001300,ORD-007573,B0TE7M6JWU,1,2025-06-24,no longer needed,opened
RET-001301,ORD-007573,B00RADH5S3,1,2025-06-05,quality issue,resellable
RET-001302,ORD-007585,B07YF2T8JE,1,2025-05-14,no longer needed,resellable
RET-001303,ORD-007588,B0WXUN8SX9,1,2025-05-22,not as described,opened
RET-001304,ORD-007591,B044FDSE6A,1,2025-06-17,not as described,damaged
RET-001305,ORD-007593,B0WXUN8SX9,1,2025-05-26,changed mind,opened
RET-001306,ORD-007604,vh acacia platter ,1,2025-06-17,changed mind,resellable
RET-001307,ORD-007612,B0RXXN9M2M,1,2025-06-04,wrong item,opened
RET-001308,ORD-007615,B0KT4D60ZK,1,2025-05-19,changed mind,opened
RET-001309,ORD-007635,B0NNFJVLCD,1,2025-06-06,no longer needed,resellable
RET-001310,ORD-007644, vh stainless steel serving board  ,1,2025-05-24,arrived damaged,opened
RET-001311,ORD-007648,B0WXUN8SX9,1,2025-06-03,no longer needed,resellable
RET-001312,ORD-007649,B0PFWXAFNA,1,2025-06-03,changed mind,resellable
RET-001313,ORD-007658,B0RXXN9M2M,1,2025-05-22,changed mind,opened
RET-001314,ORD-007663,B0WXUN8SX9,1,2025-06-13,changed mind,resellable
RET-001315,ORD-007670,B00RADH5S3,1,2025-07-20,changed mind,resellable
RET-001316,ORD-007686,B04FTSGMDD,1,2025-05-30,changed mind,damaged
RET-001317,ORD-007708,B0WXUN8SX9,1,2025-05-04,not as described,resellable
RET-001318,ORD-007718,VH-1057,1,2025-05-22,no longer needed,resellable
RET-001319,ORD-007720,B0PFWXAFNA,1,2025-05-27,changed mind,opened
RET-001320,ORD-007727,B0WXUN8SX9,1,2025-06-19,arrived damaged,resellable
RET-001321,ORD-007737,B0WXUN8SX9,1,2025-06-05,arrived damaged,opened
RET-001322,ORD-007742,B0PLGQ0WUW,1,2025-05-21,no longer needed,resellable
RET-001323,ORD-007745,B0WXUN8SX9,1,2025-05-31,changed mind,resellable
RET-001324,ORD-007746,B0C7PHW57Y,1,2025-05-29,changed mind,damaged
RET-001325,ORD-007747, staisteestanmixe ,1,2025-06-20,changed mind,resellable
RET-001326,ORD-007749,B0CVL56XRT,1,2025-05-15,arrived damaged,opened
RET-001327,ORD-007750,B0WXUN8SX9,1,2025-06-15,changed mind,resellable
RET-001328,ORD-007752,VH-1091,1,2025-06-04,not as described,resellable
RET-001329,ORD-007759,B0WXUN8SX9,3,2025-06-22,arrived damaged,damaged
RET-001330,ORD-007775,VH-1113,1,2025-05-21,changed mind,resellable
RET-001331,ORD-007782,VH-1114,1,2025-06-17,no longer needed,resellable
RET-001332,ORD-007790,B0W8N8XWYK,1,2025-05-25,not as described,damaged
RET-001333,ORD-007796, vh melamine grill pan ,1,2025-06-23,no longer needed,damaged
RET-001334,ORD-007798,B06AAM59LS,1,2025-06-05,no longer needed,resellable
RET-001335,ORD-007799,B00RADH5S3,1,2025-05-26,changed mind,resellable
RET-001336,ORD-007800,marble_ladle  ,1,2025-06-08,no longer needed,resellable
RET-001337,ORD-007803,B0TBF17EBH,1,2025-06-06,no longer needed,resellable
RET-001338,ORD-007816,B0TRA8NLKK,1,2025-06-09,not as described,damaged
RET-001339,ORD-007824,B0NUXWWTXM,1,2025-05-20,changed mind,resellable
RET-001340,ORD-007836,B0YMGZD1WQ,1,2025-05-28,changed mind,resellable
RET-001341,ORD-007837,B07YF2T8JE,1,2025-06-21,quality issue,damaged
RET-001342,ORD-007846,B0NNFJVLCD,1,2025-05-25,changed mind,resellable
RET-001343,ORD-007846,B0TBF17EBH,1,2025-05-08,not as described,opened
RET-001344,ORD-007847,VH-1087,1,2025-05-20,not as described,resellable
RET-001345,ORD-007851,VH-1035,1,2025-06-19,not as described,damaged
RET-001346,ORD-007864,B00RADH5S3,1,2025-05-29,no longer needed,resellable
RET-001347,ORD-007870,B0YZNEKZT7,1,2025-06-03,wrong item,damaged
RET-001348,ORD-007872,VH-1084,1,2025-05-31,not as described,opened
RET-001349,ORD-007875,B0C14B2M8L,1,2025-06-08,changed mind,opened
RET-001350,ORD-007876,B07LLE55WZ,1,2025-06-21,changed mind,opened
RET-001351,ORD-007879,B0GKGBFV52,1,2025-05-06,changed mind,resellable
RET-001352,ORD-007887,B0YMGZD1WQ,1,2025-05-25,changed mind,resellable
RET-001353,ORD-007898,B0PFWXAFNA,1,2025-06-02,arrived damaged,damaged
RET-001354,ORD-007899, ceramic dinnr set 12 piece  ,1,2025-06-02,not as described,resellable
RET-001355,ORD-007903,B0R6SMCWAT,1,2025-06-25,no longer needed,opened
RET-001356,ORD-007916,B0L1F47G91,1,2025-07-15,changed mind,resellable
RET-001357,ORD-007939,B0TBF17EBH,1,2025-06-02,changed mind,resellable
RET-001358,ORD-007941,VH-1024,1,2025-06-17,changed mind,resellable
RET-001359,ORD-007942,VH-1029,2,2025-06-01,changed mind,opened
RET-001360,ORD-007954,B0QGLWA5EL,2,2025-06-19,quality issue,opened
RET-001361,ORD-007956,B0R3PJRMZ0,1,2025-07-05,arrived damaged,damaged
RET-001362,ORD-007961,B0WXUN8SX9,2,2025-07-13,not as described,resellable
RET-001363,ORD-007968,VH-1013,1,2025-07-11,arrived damaged,opened
RET-001364,ORD-007990,VH-1037,1,2025-06-14,not as described,opened
RET-001365,ORD-007991,B00RADH5S3,1,2025-06-24,arrived damaged,damaged
RET-001366,ORD-007992,staisteestanmixe  ,1,2025-07-20,no longer needed,resellable
RET-001367,ORD-007997,B0R6SMCWAT,1,2025-06-08,no longer needed,resellable
RET-001368,ORD-008001,VH-1008,1,2025-06-10,wrong item,opened
RET-001369,ORD-008010,B0WXUN8SX9,1,2025-08-01,changed mind,resellable
RET-001370,ORD-008010,B00RADH5S3,1,2025-07-11,changed mind,resellable
RET-001371,ORD-008018,B0WXUN8SX9,1,2025-06-22,changed mind,damaged
RET-001372,ORD-008019,VH-1061,1,2025-07-05,not as described,opened
RET-001373,ORD-008023,B0DF2MFPCY,1,2025-06-13,changed mind,resellable
RET-001374,ORD-008029,VH-1057,1,2025-08-01,quality issue,resellable
RET-001375,ORD-008048,copper-pasta-bowl-set ,1,2025-06-19,quality issue,opened
RET-001376,ORD-008054,B0WXUN8SX9,1,2025-06-12,arrived damaged,damaged
RET-001377,ORD-008070,B0WXUN8SX9,1,2025-06-08,changed mind,resellable
RET-001378,ORD-008076,B0KT4D60ZK,1,2025-06-22,changed mind,resellable
RET-001379,ORD-008081,VH-1112,1,2025-07-10,not as described,damaged
RET-001380,ORD-008086,borosilicate-dinner-plate-set  ,1,2025-07-06,no longer needed,resellable
RET-001381,ORD-008102,B0ZM4P1CPY,1,2025-08-04,no longer needed,resellable
RET-001382,ORD-008107,B04FTSGMDD,1,2025-06-23,wrong item,resellable
RET-001383,ORD-008118,B0GKVZ8140,1,2025-06-30,not as described,resellable
RET-001384,ORD-008119,VH-1053,1,2025-06-20,quality issue,damaged
RET-001385,ORD-008125, borosilicate-food-chopper ,1,2025-07-12,changed mind,opened
RET-001386,ORD-008131,B00RADH5S3,1,2025-06-19,not as described,opened
RET-001387,ORD-008150, borosilicate-grill-pan ,1,2025-06-21,quality issue,opened
RET-001388,ORD-008158,B00RADH5S3,1,2025-06-16,quality issue,damaged
RET-001389,ORD-008168,B0DUGKZEZ8,1,2025-08-04,not as described,opened
RET-001390,ORD-008168,B0HC6GKYNZ,1,2025-06-22,changed mind,resellable
RET-001391,ORD-008168,B00RADH5S3,1,2025-06-14,wrong item,resellable
RET-001392,ORD-008187,B0ES9828ZD,1,2025-07-21,no longer needed,opened
RET-001393,ORD-008188,B0PLGQ0WUW,1,2025-06-25,not as described,resellable
RET-001394,ORD-008191,VH-1012,1,2025-06-17,not as described,resellable
RET-001395,ORD-008192,cast irn casserole 5l  ,1,2025-07-14,quality issue,damaged
RET-001396,ORD-008198, vh bamboo turner ,1,2025-07-03,no longer needed,resellable
RET-001397,ORD-008201,B0XVBEPU7E,1,2025-07-14,no longer needed,resellable
RET-001398,ORD-008203,VH-1053,2,2025-06-29,quality issue,opened
RET-001399,ORD-008206,VH-1089,1,2025-07-01,quality issue,opened
RET-001400,ORD-008220,B01N7NW7US,1,2025-07-18,changed mind,opened
RET-001401,ORD-008223,B0XLHGCJNR,1,2025-06-11,quality issue,opened
RET-001402,ORD-008233,B0GKGBFV52,1,2025-07-01,not as described,resellable
RET-001403,ORD-008249,VH-1093,1,2025-07-13,changed mind,resellable
RET-001404,ORD-008253,B0S1TJJESE,1,2025-06-28,no longer needed,resellable
RET-001405,ORD-008258,B04FTSGMDD,1,2025-06-28,wrong item,resellable
RET-001406,ORD-008270,VH-1085,1,2025-07-25,not as described,opened
RET-001407,ORD-008277,B0G9FTWQ6C,1,2025-06-25,quality issue,damaged
RET-001408,ORD-008281,B0TBF17EBH,1,2025-06-12,not as described,damaged
RET-001409,ORD-008283,B0WXUN8SX9,1,2025-07-13,arrived damaged,opened
RET-001410,ORD-008286,B076GJU5HA,1,2025-06-24,changed mind,resellable
RET-001411,ORD-008288,B0BW9EFX8S,1,2025-06-26,arrived damaged,opened
RET-001412,ORD-008291,VH-1028,1,2025-07-31,arrived damaged,damaged
RET-001413,ORD-008303,B0WXUN8SX9,1,2025-07-04,wrong item,resellable
RET-001414,ORD-008303,B06TDAT9ZQ,1,2025-07-07,not as described,opened
RET-001415,ORD-008308,B0L1F47G91,1,2025-06-24,not as described,damaged
RET-001416,ORD-008309, ceramic dinnr set 12 piece  ,1,2025-07-13,wrong item,damaged
RET-001417,ORD-008310, vh melamine grill pan  ,1,2025-06-24,changed mind,resellable
RET-001418,ORD-008317,B0B1RBATAH,1,2025-07-30,changed mind,resellable
RET-001419,ORD-008318,B0TBF17EBH,1,2025-06-27,changed mind,resellable
RET-001420,ORD-008330,B00RADH5S3,1,2025-06-25,no longer needed,resellable
RET-001421,ORD-008333,VH-1057,1,2025-06-20,quality issue,damaged
RET-001422,ORD-008334,B00RADH5S3,1,2025-07-02,changed mind,opened
RET-001423,ORD-008339,B0WXUN8SX9,1,2025-08-03,not as described,damaged
RET-001424,ORD-008341, cast-iron-casserole-5l  ,1,2025-07-10,not as described,opened
RET-001425,ORD-008348,B0FBSP8LCU,1,2025-07-07,changed mind,resellable
RET-001426,ORD-008353,B00RADH5S3,1,2025-07-07,changed mind,resellable
RET-001427,ORD-008354,B0TE7M6JWU,1,2025-07-15,changed mind,resellable
RET-001428,ORD-008361,B0YMGZD1WQ,1,2025-07-04,wrong item,damaged
RET-001429,ORD-008368,B0WXUN8SX9,1,2025-07-08,not as described,damaged
RET-001430,ORD-008376,B0M5P2CY7D,1,2025-07-11,quality issue,opened
RET-001431,ORD-008381,B0X2XM7B9M,1,2025-06-18,changed mind,resellable
RET-001432,ORD-008387,B0WXUN8SX9,1,2025-06-12,no longer needed,damaged
RET-001433,ORD-008393,B0YZNEKZT7,1,2025-07-13,no longer needed,resellable
RET-001434,ORD-008398,B0WXUN8SX9,1,2025-07-07,not as described,damaged
RET-001435,ORD-008403,B00RADH5S3,1,2025-06-30,not as described,opened
RET-001436,ORD-008417,B044FDSE6A,1,2025-08-06,not as described,resellable
RET-001437,ORD-008418,B044FDSE6A,1,2025-07-04,changed mind,resellable
RET-001438,ORD-008426,acaia apron ,1,2025-08-07,quality issue,damaged
RET-001439,ORD-008431,B0QBC8YR1R,1,2025-06-23,changed mind,resellable
RET-001440,ORD-008433,B00RADH5S3,1,2025-07-08,quality issue,opened
RET-001441,ORD-008447,B00RADH5S3,1,2025-07-11,changed mind,resellable
RET-001442,ORD-008470,B07BFW8H1T,1,2025-06-18,changed mind,resellable
RET-001443,ORD-008488,B0WXUN8SX9,1,2025-06-16,not as described,damaged
RET-001444,ORD-008490,melamine-tumbler-set  ,1,2025-06-17,arrived damaged,damaged
RET-001445,ORD-008498,VH-1113,1,2025-07-10,no longer needed,resellable
RET-001446,ORD-008506, cast irn casserole 5l  ,1,2025-07-05,changed mind,resellable
RET-001447,ORD-008512,B00RADH5S3,1,2025-06-28,wrong item,opened
RET-001448,ORD-008521,B0U862BR2Y,1,2025-07-11,no longer needed,damaged
RET-001449,ORD-008525,B0LZTYNZMM,1,2025-06-19,not as described,opened
RET-001450,ORD-008526,B0XVBEPU7E,1,2025-07-08,wrong item,resellable
RET-001451,ORD-008562,B0ZQ6DWCXF,1,2025-07-13,no longer needed,resellable
RET-001452,ORD-008592,VH-1044,2,2025-06-09,no longer needed,resellable
RET-001453,ORD-008596,VH-1079,1,2025-06-30,changed mind,resellable
RET-001454,ORD-008597,vh terracotta carafe ,1,2025-06-30,changed mind,opened
RET-001455,ORD-008604,B00RADH5S3,1,2025-07-09,wrong item,resellable
RET-001456,ORD-008605,B0WXUN8SX9,1,2025-07-05,changed mind,opened
RET-001457,ORD-008614,B0GKVZ8140,1,2025-07-03,no longer needed,resellable
RET-001458,ORD-008617,vh melamine grill pan  ,1,2025-06-26,quality issue,damaged
RET-001459,ORD-008623,VH-1097,2,2025-06-16,no longer needed,resellable
RET-001460,ORD-008627,B0NUXWWTXM,1,2025-07-23,not as described,resellable
RET-001461,ORD-008627,B0WXUN8SX9,1,2025-07-07,wrong item,damaged
RET-001462,ORD-008629,B0PLGQ0WUW,1,2025-06-25,not as described,opened
RET-001463,ORD-008633,B04BS1RFN3,1,2025-06-21,wrong item,resellable
RET-001464,ORD-008634,B0D27V1BVA,1,2025-07-01,quality issue,damaged
RET-001465,ORD-008638,VH-1051,1,2025-07-10,quality issue,opened
RET-001466,ORD-008646,B0TE7M6JWU,1,2025-06-18,quality issue,damaged
RET-001467,ORD-008658,VH-1024,1,2025-07-04,wrong item,resellable
RET-001468,ORD-008659,B0S1ZHPN2M,1,2025-06-19,not as described,damaged
RET-001469,ORD-008664,B0WXUN8SX9,1,2025-07-06,changed mind,opened
RET-001470,ORD-008669,B0C7PHW57Y,1,2025-07-09,changed mind,resellable
RET-001471,ORD-008673,vh slate hand blender ,3,2025-06-18,not as described,resellable
RET-001472,ORD-008683,B0KT4D60ZK,1,2025-07-25,changed mind,resellable
RET-001473,ORD-008693,B0WXUN8SX9,1,2025-08-02,not as described,resellable
RET-001474,ORD-008695, cast irn casserole 5l  ,1,2025-06-23,changed mind,resellable
RET-001475,ORD-008706,VH-1060,2,2025-07-27,no longer needed,resellable
RET-001476,ORD-008711,B0PFWXAFNA,1,2025-08-15,wrong item,opened
RET-001477,ORD-008714,VH-1062,1,2025-07-01,changed mind,resellable
RET-001478,ORD-008719,B04FTSGMDD,1,2025-07-14,changed mind,opened
RET-001479,ORD-008730,VH-1112,1,2025-07-13,not as described,resellable
RET-001480,ORD-008734,B01V4ZLB05,1,2025-06-23,no longer needed,resellable
RET-001481,ORD-008737,B07LLE55WZ,1,2025-07-26,no longer needed,resellable
RET-001482,ORD-008739,B0NUXWWTXM,1,2025-07-17,changed mind,resellable
RET-001483,ORD-008750,B0WXUN8SX9,1,2025-07-06,no longer needed,resellable
RET-001484,ORD-008753,B0WXUN8SX9,1,2025-06-17,changed mind,resellable
RET-001485,ORD-008754,B01J3QMR6K,1,2025-06-20,changed mind,opened
RET-001486,ORD-008765,B0X2XM7B9M,1,2025-09-02,quality issue,opened
RET-001487,ORD-008772,VH-1012,1,2025-07-18,not as described,opened
RET-001488,ORD-008773,B0WXUN8SX9,1,2025-07-15,not as described,opened
RET-001489,ORD-008775,stoneware_loaf_tin  ,1,2025-07-15,no longer needed,resellable
RET-001490,ORD-008778,B0WXUN8SX9,1,2025-07-12,not as described,opened
RET-001491,ORD-008789,B0S1TJJESE,1,2025-08-12,arrived damaged,damaged
RET-001492,ORD-008793,VH-1067,1,2025-09-12,changed mind,resellable
RET-001493,ORD-008799,B0WXUN8SX9,1,2025-07-20,wrong item,opened
RET-001494,ORD-008821,B0SFE1R7XM,1,2025-08-21,arrived damaged,opened
RET-001495,ORD-008830,B0XS5B40FN,1,2025-07-14,not as described,resellable
RET-001496,ORD-008831,B0QGLWA5EL,1,2025-07-17,changed mind,resellable
RET-001497,ORD-008839,VH-1055,1,2025-07-22,changed mind,resellable
RET-001498,ORD-008841,B0YH2UG55T,1,2025-08-06,not as described,resellable
RET-001499,ORD-008843,B0WXUN8SX9,1,2025-09-10,wrong item,damaged
RET-001500,ORD-008849,B0HGZ5AHB5,1,2025-07-25,quality issue,opened
RET-001501,ORD-008850,B0MT6315WC,2,2025-08-11,changed mind,resellable
RET-001502,ORD-008862,marbplat  ,1,2025-08-19,no longer needed,opened
RET-001503,ORD-008865,B0WXUN8SX9,1,2025-07-20,no longer needed,resellable
RET-001504,ORD-008882,B0ZQ6DWCXF,1,2025-08-01,changed mind,resellable
RET-001505,ORD-008884,B0HC6GKYNZ,1,2025-08-11,not as described,opened
RET-001506,ORD-008892,ceramic dinnr set 12 piece ,1,2025-07-26,changed mind,opened
RET-001507,ORD-008893, bamboo_electric_kettle ,1,2025-07-20,quality issue,opened
RET-001508,ORD-008898,B0WXUN8SX9,1,2025-08-25,no longer needed,resellable
RET-001509,ORD-008899,B0WXUN8SX9,1,2025-09-07,wrong item,opened
RET-001510,ORD-008907,B00RADH5S3,2,2025-09-07,changed mind,opened
RET-001511,ORD-008910,VH-1055,1,2025-07-20,not as described,opened
RET-001512,ORD-008912,VH-1025,1,2025-08-07,arrived damaged,damaged
RET-001513,ORD-008913,B0WXUN8SX9,1,2025-08-03,arrived damaged,damaged
RET-001514,ORD-008913,B0PFWXAFNA,1,2025-07-23,changed mind,resellable
RET-001515,ORD-008914,B0WXUN8SX9,1,2025-07-22,changed mind,damaged
RET-001516,ORD-008921,B0NNFJVLCD,1,2025-08-27,changed mind,opened
RET-001517,ORD-008922,melamine-mug-set  ,1,2025-07-20,changed mind,damaged
RET-001518,ORD-008941,B0M5P2CY7D,1,2025-07-31,quality issue,damaged
RET-001519,ORD-008944,B07LLE55WZ,1,2025-07-31,changed mind,resellable
RET-001520,ORD-008946,VH-1057,2,2025-08-02,not as described,opened
RET-001521,ORD-008951,B07LLE55WZ,1,2025-07-28,quality issue,damaged
RET-001522,ORD-008957,B0WXUN8SX9,1,2025-09-09,quality issue,opened
RET-001523,ORD-008967,B0WXUN8SX9,1,2025-07-11,not as described,opened
RET-001524,ORD-008971,bamboo-wine-glasses ,1,2025-08-19,not as described,opened
RET-001525,ORD-008978,VH-1053,1,2025-07-23,arrived damaged,damaged
RET-001526,ORD-008994,B0WXUN8SX9,1,2025-08-14,not as described,resellable
RET-001527,ORD-008996,B0WXUN8SX9,1,2025-08-08,no longer needed,resellable
RET-001528,ORD-009005,VH-1053,1,2025-08-11,not as described,opened
RET-001529,ORD-009011, bamboo_electric_kettle ,2,2025-08-13,no longer needed,resellable
RET-001530,ORD-009019,B0WXUN8SX9,1,2025-08-22,arrived damaged,damaged
RET-001531,ORD-009023,cast_iron_loaf_tin ,1,2025-09-13,not as described,opened
RET-001532,ORD-009024,B00RADH5S3,1,2025-07-14,changed mind,opened
RET-001533,ORD-009030,B0X2XM7B9M,1,2025-08-09,changed mind,resellable
RET-001534,ORD-009031,B0WXUN8SX9,2,2025-07-18,changed mind,opened
RET-001535,ORD-009044,B0PLGQ0WUW,1,2025-08-13,changed mind,resellable
RET-001536,ORD-009049,B0TBXU1FDC,1,2025-07-31,changed mind,resellable
RET-001537,ORD-009052,B0WXUN8SX9,1,2025-07-30,changed mind,opened
RET-001538,ORD-009053,VH-1061,1,2025-07-23,quality issue,damaged
RET-001539,ORD-009056,B0AH374DW8,1,2025-08-20,not as described,opened
RET-001540,ORD-009070,VH-1025,2,2025-08-10,changed mind,opened
RET-001541,ORD-009088,B07LLE55WZ,1,2025-07-27,not as described,opened
RET-001542,ORD-009088,B0WXUN8SX9,2,2025-07-26,wrong item,resellable
RET-001543,ORD-009090,VH-1081,1,2025-07-19,changed mind,opened
RET-001544,ORD-009104,B0NNFJVLCD,1,2025-08-27,wrong item,opened
RET-001545,ORD-009106,B00RADH5S3,1,2025-09-01,wrong item,opened
RET-001546,ORD-009130,B0DUGKZEZ8,1,2025-08-01,arrived damaged,resellable
RET-001547,ORD-009131,B0TBF17EBH,1,2025-08-08,wrong item,damaged
RET-001548,ORD-009137,staisteestanmixe ,1,2025-08-10,no longer needed,resellable
RET-001549,ORD-009145, marbplat ,1,2025-08-01,no longer needed,resellable
RET-001550,ORD-009150,B02U1TMWTY,1,2025-08-01,no longer needed,resellable
RET-001551,ORD-009152,B0WXUN8SX9,1,2025-08-06,changed mind,resellable
RET-001552,ORD-009155,VH-1024,1,2025-08-06,changed mind,resellable
RET-001553,ORD-009168, cast_iron_baking_sheet  ,1,2025-07-19,not as described,opened
RET-001554,ORD-009168,melamine-tumbler-set  ,1,2025-08-01,no longer needed,resellable
RET-001555,ORD-009169,B02ZXK0X7U,1,2025-07-28,no longer needed,resellable
RET-001556,ORD-009169,B0TBF17EBH,1,2025-08-07,quality issue,damaged
RET-001557,ORD-009171,B0WXUN8SX9,1,2025-08-05,no longer needed,resellable
RET-001558,ORD-009171,B0G9FTWQ6C,1,2025-08-10,no longer needed,opened
RET-001559,ORD-009174,B0PLGQ0WUW,1,2025-07-24,no longer needed,resellable
RET-001560,ORD-009175,B0WXUN8SX9,1,2025-08-13,changed mind,opened
RET-001561,ORD-009178,B0WXUN8SX9,1,2025-07-07,changed mind,resellable
RET-001562,ORD-009186,B0LZTYNZMM,1,2025-08-12,changed mind,opened
RET-001563,ORD-009193,oak_salad_bowl ,1,2025-07-26,changed mind,opened
RET-001564,ORD-009194,VH-1073,1,2025-07-09,arrived damaged,damaged
RET-001565,ORD-009213,B0GKVZ8140,1,2025-07-31,changed mind,resellable
RET-001566,ORD-009219,B00RADH5S3,1,2025-08-12,wrong item,resellable
RET-001567,ORD-009227,B02ZXK0X7U,1,2025-08-05,arrived damaged,damaged
RET-001568,ORD-009230, bambeleckett ,1,2025-08-19,no longer needed,resellable
RET-001569,ORD-009233,B00RADH5S3,1,2025-08-21,not as described,opened
RET-001570,ORD-009235,B07BFW8H1T,1,2025-08-05,changed mind,resellable
RET-001571,ORD-009236,B0WXUN8SX9,1,2025-07-21,changed mind,resellable
RET-001572,ORD-009242,B01N7NW7US,1,2025-08-18,changed mind,resellable
RET-001573,ORD-009243,B0WXUN8SX9,1,2025-09-12,quality issue,opened
RET-001574,ORD-009254,B07YF2T8JE,1,2025-07-31,no longer needed,opened
RET-001575,ORD-009257,B0NTQBZ4V2,1,2025-08-25,changed mind,resellable
RET-001576,ORD-009264,B00RADH5S3,1,2025-07-20,no longer needed,opened
RET-001577,ORD-009266,VH-1083,1,2025-08-12,changed mind,opened
RET-001578,ORD-009276,B0WXUN8SX9,1,2025-08-08,changed mind,resellable
RET-001579,ORD-009277,B0WXUN8SX9,1,2025-08-09,not as described,opened
RET-001580,ORD-009279,B0WXUN8SX9,2,2025-08-25,wrong item,resellable
RET-001581,ORD-009279,B0XVBEPU7E,1,2025-08-08,no longer needed,resellable
RET-001582,ORD-009284,VH-1060,1,2025-09-03,not as described,resellable
RET-001583,ORD-009286,VH-1019,1,2025-07-21,arrived damaged,damaged
RET-001584,ORD-009292,B06TDAT9ZQ,1,2025-07-23,changed mind,resellable
RET-001585,ORD-009302, vh enamel tumbler set ,1,2025-08-15,arrived damaged,resellable
RET-001586,ORD-009314,ceramic dinnr set 12 piece  ,1,2025-08-02,quality issue,opened
RET-001587,ORD-009316,B044FDSE6A,1,2025-08-09,quality issue,resellable
RET-001588,ORD-009327,B0EAVD8CJ8,1,2025-08-02,arrived damaged,damaged
RET-001589,ORD-009339,B0ES9828ZD,1,2025-08-05,changed mind,opened
RET-001590,ORD-009346,B0WXUN8SX9,1,2025-08-23,quality issue,damaged
RET-001591,ORD-009348,B00LHXS3KS,1,2025-08-10,changed mind,resellable
RET-001592,ORD-009351,B00RADH5S3,1,2025-08-21,not as described,damaged
RET-001593,ORD-009358,B03RU2WGG5,1,2025-07-24,wrong item,resellable
RET-001594,ORD-009359,B0JJCQQ73Q,1,2025-08-11,changed mind,resellable
RET-001595,ORD-009372, cast_iron_baking_sheet ,1,2025-08-04,not as described,damaged
RET-001596,ORD-009374,B0CZC3PXCW,1,2025-07-16,changed mind,opened
RET-001597,ORD-009375,VH-1081,1,2025-08-06,changed mind,resellable
RET-001598,ORD-009387,B044FDSE6A,2,2025-07-27,changed mind,resellable
RET-001599,ORD-009393,VH-1057,1,2025-08-03,quality issue,opened
RET-001600,ORD-009397,B0NNFJVLCD,1,2025-07-30,arrived damaged,damaged
RET-001601,ORD-009402,B0GKVZ8140,1,2025-09-03,changed mind,opened
RET-001602,ORD-009403,VH-1027,1,2025-09-12,quality issue,opened
RET-001603,ORD-009418,B0M5P2CY7D,1,2025-07-14,not as described,opened
RET-001604,ORD-009419,VH-1024,1,2025-08-19,changed mind,resellable
RET-001605,ORD-009420,staisteestanmixe  ,1,2025-07-19,changed mind,resellable
RET-001606,ORD-009428,VH-1081,1,2025-07-28,arrived damaged,damaged
RET-001607,ORD-009432,VH-1019,1,2025-08-02,no longer needed,resellable
RET-001608,ORD-009441,B0WXUN8SX9,1,2025-08-11,no longer needed,resellable
RET-001609,ORD-009475, stneware grill pan  ,2,2025-08-28,changed mind,resellable
RET-001610,ORD-009481,B0XLHGCJNR,1,2025-08-07,quality issue,opened
RET-001611,ORD-009490,B0WXUN8SX9,1,2025-07-17,arrived damaged,damaged
RET-001612,ORD-009494,B0FBSP8LCU,1,2025-07-12,no longer needed,opened
RET-001613,ORD-009501,VH-1063,1,2025-07-21,changed mind,resellable
RET-001614,ORD-009519,B07BFW8H1T,1,2025-08-25,quality issue,opened
RET-001615,ORD-009522, vh stainless steel muffin tray  ,1,2025-07-26,no longer needed,resellable
RET-001616,ORD-009526,B00RADH5S3,1,2025-08-24,changed mind,resellable
RET-001617,ORD-009543,B0PFWXAFNA,1,2025-08-21,arrived damaged,resellable
RET-001618,ORD-009544,B0B1RBATAH,1,2025-07-15,changed mind,resellable
RET-001619,ORD-009548,B0YMGZD1WQ,1,2025-07-29,changed mind,resellable
RET-001620,ORD-009551,B0PFWXAFNA,1,2025-08-27,not as described,resellable
RET-001621,ORD-009562,B00RADH5S3,1,2025-09-07,quality issue,opened
RET-001622,ORD-009565,B0GKVZ8140,1,2025-08-06,changed mind,resellable
RET-001623,ORD-009571,B0WXUN8SX9,1,2025-08-29,changed mind,resellable
RET-001624,ORD-009582,B00RADH5S3,1,2025-08-20,wrong item,opened
RET-001625,ORD-009592,VH-1083,1,2025-08-14,arrived damaged,damaged
RET-001626,ORD-009601,B0TRA8NLKK,1,2025-07-31,changed mind,resellable
RET-001627,ORD-009602,B0TBF17EBH,2,2025-08-30,changed mind,resellable
RET-001628,ORD-009602,B0N4R752V5,1,2025-09-07,not as described,resellable
RET-001629,ORD-009605,B0WXUN8SX9,1,2025-07-10,changed mind,resellable
RET-001630,ORD-009609,B0WXUN8SX9,1,2025-07-26,changed mind,resellable
RET-001631,ORD-009614, slate-platter  ,1,2025-07-31,arrived damaged,resellable
RET-001632,ORD-009617,VH-1032,1,2025-07-23,not as described,resellable
RET-001633,ORD-009623,B0WXUN8SX9,1,2025-07-15,quality issue,opened
RET-001634,ORD-009629,B0TBF17EBH,1,2025-08-02,changed mind,resellable
RET-001635,ORD-009633,B04BS1RFN3,1,2025-09-19,no longer needed,opened
RET-001636,ORD-009634,vh bamboo turner  ,1,2025-10-18,no longer needed,resellable
RET-001637,ORD-009634, oak_wine_glasses  ,1,2025-09-25,changed mind,resellable
RET-001638,ORD-009635,B0XLHGCJNR,1,2025-09-25,quality issue,damaged
RET-001639,ORD-009637,B00RADH5S3,1,2025-09-09,not as described,opened
RET-001640,ORD-009650,vh acacia storage jar ,1,2025-08-03,no longer needed,resellable
RET-001641,ORD-009656,B0SFE1R7XM,1,2025-08-08,changed mind,resellable
RET-001642,ORD-009656,B0WXUN8SX9,1,2025-08-14,quality issue,damaged
RET-001643,ORD-009657,B044FDSE6A,1,2025-09-09,no longer needed,resellable
RET-001644,ORD-009661,B0WXUN8SX9,1,2025-09-01,changed mind,resellable
RET-001645,ORD-009666,VH-1070,1,2025-09-24,changed mind,resellable
RET-001646,ORD-009680,B0YMGZD1WQ,1,2025-09-05,no longer needed,opened
RET-001647,ORD-009689,B0WXUN8SX9,1,2025-10-16,not as described,resellable
RET-001648,ORD-009693,B0NTQBZ4V2,1,2025-08-16,quality issue,resellable
RET-001649,ORD-009697,B00RADH5S3,1,2025-09-26,changed mind,resellable
RET-001650,ORD-009699,vh linen frying pan ,1,2025-08-27,changed mind,resellable
RET-001651,ORD-009701,B0X3KCJPGM,1,2025-08-22,not as described,resellable
RET-001652,ORD-009702,B01V4ZLB05,1,2025-09-04,changed mind,opened
RET-001653,ORD-009711,B0CZC3PXCW,1,2025-09-24,not as described,resellable
RET-001654,ORD-009722,B0PLGQ0WUW,1,2025-09-02,not as described,opened
RET-001655,ORD-009727,B0GKGBFV52,1,2025-09-10,wrong item,resellable
RET-001656,ORD-009760, cast-iron-casserole-5l ,1,2025-09-23,not as described,opened
RET-001657,ORD-009771,B06TDAT9ZQ,1,2025-08-29,changed mind,resellable
RET-001658,ORD-009782,B0TBF17EBH,1,2025-09-13,arrived damaged,damaged
RET-001659,ORD-009796,VH-1081,1,2025-08-17,arrived damaged,damaged
RET-001660,ORD-009796,VH-1024,1,2025-08-28,no longer needed,resellable
RET-001661,ORD-009800,VH-1053,2,2025-08-25,changed mind,opened
RET-001662,ORD-009803,B0TBF17EBH,1,2025-08-15,not as described,opened
RET-001663,ORD-009809,B00RADH5S3,1,2025-09-29,no longer needed,resellable
RET-001664,ORD-009813,B0S1TJJESE,1,2025-09-05,arrived damaged,damaged
RET-001665,ORD-009815,B0TE7M6JWU,1,2025-08-26,not as described,resellable
RET-001666,ORD-009816,VH-1008,1,2025-09-08,changed mind,resellable
RET-001667,ORD-009818,B0CZC3PXCW,1,2025-09-16,changed mind,opened
RET-001668,ORD-009821,B0WXUN8SX9,1,2025-08-24,quality issue,opened
RET-001669,ORD-009824,B01V4ZLB05,1,2025-08-28,not as described,opened
RET-001670,ORD-009836,B0WXUN8SX9,1,2025-09-02,not as described,opened
RET-001671,ORD-009842,vh acacia hand blender  ,1,2025-08-24,quality issue,resellable
RET-001672,ORD-009846,B0NNFJVLCD,1,2025-08-19,changed mind,resellable
RET-001673,ORD-009846,B0CZC3PXCW,1,2025-08-15,no longer needed,resellable
RET-001674,ORD-009849,B0TE7M6JWU,1,2025-08-11,arrived damaged,opened
RET-001675,ORD-009850,B0HC6GKYNZ,1,2025-09-10,arrived damaged,opened
RET-001676,ORD-009850,B00RADH5S3,2,2025-09-20,not as described,resellable
RET-001677,ORD-009853,B02ZXK0X7U,1,2025-09-01,changed mind,resellable
RET-001678,ORD-009855,vh bamboo kitchen utensil set ,1,2025-08-19,changed mind,opened
RET-001679,ORD-009861,B0WXUN8SX9,1,2025-09-08,arrived damaged,damaged
RET-001680,ORD-009894,B00LHXS3KS,1,2025-09-04,no longer needed,resellable
RET-001681,ORD-009909,VH-1053,1,2025-09-05,changed mind,resellable
RET-001682,ORD-009910,B00RADH5S3,1,2025-08-15,quality issue,damaged
RET-001683,ORD-009913,VH-1035,1,2025-09-21,quality issue,damaged
RET-001684,ORD-009931,VH-1069,1,2025-08-28,quality issue,damaged
RET-001685,ORD-009932,B0NNFJVLCD,1,2025-09-14,quality issue,resellable
RET-001686,ORD-009936,VH-1057,1,2025-08-29,changed mind,resellable
RET-001687,ORD-009940,VH-1038,1,2025-08-29,no longer needed,resellable
RET-001688,ORD-009945,VH-1112,1,2025-08-17,not as described,opened
RET-001689,ORD-009951,VH-1057,1,2025-09-19,no longer needed,resellable
RET-001690,ORD-009952,VH-1090,1,2025-09-14,not as described,opened
RET-001691,ORD-009958,B0WXUN8SX9,1,2025-08-29,changed mind,resellable
RET-001692,ORD-009961,B0GKVZ8140,1,2025-09-04,no longer needed,resellable
RET-001693,ORD-009967,B0WXUN8SX9,1,2025-09-07,quality issue,opened
RET-001694,ORD-009971,B0YH2UG55T,1,2025-09-01,arrived damaged,opened
RET-001695,ORD-009982,B0GKVZ8140,1,2025-09-19,arrived damaged,damaged
RET-001696,ORD-010005,B0WXUN8SX9,1,2025-08-17,no longer needed,opened
RET-001697,ORD-010008,B0UUZPWM7A,1,2025-09-06,quality issue,opened
RET-001698,ORD-010014, borosilicate-food-chopper  ,1,2025-08-12,changed mind,opened
RET-001699,ORD-010018,B07YF2T8JE,1,2025-08-31,wrong item,resellable
RET-001700,ORD-010034,B0HGZ5AHB5,1,2025-09-06,quality issue,damaged
RET-001701,ORD-010037,B0JJCQQ73Q,1,2025-08-24,quality issue,resellable
RET-001702,ORD-010037,B02ZXK0X7U,1,2025-08-22,no longer needed,resellable
RET-001703,ORD-010044,VH-1110,1,2025-08-24,no longer needed,resellable
RET-001704,ORD-010045, enamel_frying_pan  ,1,2025-08-20,quality issue,damaged
RET-001705,ORD-010046,B0XS5B40FN,1,2025-08-12,changed mind,resellable
RET-001706,ORD-010052,B0AH374DW8,1,2025-09-04,not as described,opened
RET-001707,ORD-010056, cermic pasta bowl set ,1,2025-08-16,changed mind,opened
RET-001708,ORD-010060,VH-1034,1,2025-08-29,changed mind,opened
RET-001709,ORD-010065,B0TBF17EBH,1,2025-08-31,changed mind,resellable
RET-001710,ORD-010069, stoneware_pantry_box ,1,2025-09-04,no longer needed,resellable
RET-001711,ORD-010069, glasstorjarsetof6 ,1,2025-08-30,wrong item,resellable
RET-001712,ORD-010072,B0TBF17EBH,2,2025-08-27,arrived damaged,resellable
RET-001713,ORD-010100,B0TBF17EBH,1,2025-08-15,changed mind,resellable
RET-001714,ORD-010118,stoneware-electric-kettle ,1,2025-08-28,changed mind,opened
RET-001715,ORD-010138,B0X3KCJPGM,1,2025-09-12,changed mind,resellable
RET-001716,ORD-010138,B0DUGKZEZ8,1,2025-09-13,changed mind,opened
RET-001717,ORD-010153,B0WXUN8SX9,1,2025-09-18,no longer needed,resellable
RET-001718,ORD-010157, marbplat ,1,2025-08-29,arrived damaged,damaged
RET-001719,ORD-010160,B069P5PLP6,1,2025-09-01,no longer needed,opened
RET-001720,ORD-010161,B0WXUN8SX9,1,2025-09-24,changed mind,resellable
RET-001721,ORD-010161,B06TDAT9ZQ,1,2025-10-19,not as described,resellable
RET-001722,ORD-010167,B0TRA8NLKK,1,2025-09-09,no longer needed,opened
RET-001723,ORD-010171,VH-1057,4,2025-09-30,changed mind,resellable
RET-001724,ORD-010172,VH-1008,1,2025-09-09,not as described,resellable
RET-001725,ORD-010177,B044FDSE6A,1,2025-08-11,quality issue,damaged
RET-001726,ORD-010179,B00RADH5S3,3,2025-10-16,changed mind,resellable
RET-001727,ORD-010190,B0WXUN8SX9,1,2025-09-14,wrong item,resellable
RET-001728,ORD-010191,cerapantbox ,1,2025-09-03,no longer needed,resellable
RET-001729,ORD-010196,B0QRL5NZ0E,1,2025-08-16,not as described,opened
RET-001730,ORD-010196,B0HK5F3DG1,1,2025-09-03,changed mind,opened
RET-001731,ORD-010197,B0GQ0AUTHT,1,2025-08-29,arrived damaged,damaged
RET-001732,ORD-010202,VH-1092,1,2025-09-11,not as described,opened
RET-001733,ORD-010203,B00RADH5S3,2,2025-08-25,quality issue,damaged
RET-001734,ORD-010205,B0R3PJRMZ0,1,2025-09-02,quality issue,opened
RET-001735,ORD-010220,B00E7ZCXW5,1,2025-09-22,quality issue,damaged
RET-001736,ORD-010222,glasstorjarsetof6  ,1,2025-09-10,changed mind,resellable
RET-001737,ORD-010225,B0NNFJVLCD,3,2025-08-20,quality issue,damaged
RET-001738,ORD-010227,B0HGZ5AHB5,1,2025-08-14,changed mind,resellable
RET-001739,ORD-010229,B0NUXWWTXM,1,2025-09-27,quality issue,opened
RET-001740,ORD-010232,B00H6QEFH6,1,2025-08-21,wrong item,opened
RET-001741,ORD-010236,B0TBF17EBH,1,2025-09-06,changed mind,resellable
RET-001742,ORD-010245,B0PLGQ0WUW,1,2025-09-14,arrived damaged,damaged
RET-001743,ORD-010245,B076GJU5HA,1,2025-09-22,quality issue,damaged
RET-001744,ORD-010248,B0WXUN8SX9,1,2025-10-21,changed mind,opened
RET-001745,ORD-010251,B00RADH5S3,1,2025-09-18,changed mind,resellable
RET-001746,ORD-010253,B0WXUN8SX9,1,2025-09-01,no longer needed,opened
RET-001747,ORD-010260,B00LHXS3KS,1,2025-09-11,wrong item,resellable
RET-001748,ORD-010261, slatsalabowl ,1,2025-09-03,not as described,opened
RET-001749,ORD-010262,VH-1019,1,2025-09-01,no longer needed,opened
RET-001750,ORD-010264, vh cast iron grill pan  ,1,2025-09-09,changed mind,resellable
RET-001751,ORD-010274, copper-pasta-bowl-set  ,1,2025-10-06,changed mind,resellable
RET-001752,ORD-010283,B0N0SG1LUL,1,2025-09-03,changed mind,opened
RET-001753,ORD-010289,B0TBF17EBH,1,2025-09-08,no longer needed,resellable
RET-001754,ORD-010294,B044FDSE6A,1,2025-08-31,changed mind,resellable
RET-001755,ORD-010296,VH-1058,1,2025-08-28,arrived damaged,damaged
RET-001756,ORD-010297,B0KT4D60ZK,3,2025-10-20,no longer needed,damaged
RET-001757,ORD-010298,B0B1RBATAH,1,2025-09-02,quality issue,resellable
RET-001758,ORD-010305,B0R6SMCWAT,1,2025-08-21,no longer needed,resellable
RET-001759,ORD-010310,B0TBF17EBH,1,2025-09-19,changed mind,resellable
RET-001760,ORD-010311,B0RXXN9M2M,1,2025-09-28,quality issue,opened
RET-001761,ORD-010312,VH-1054,1,2025-09-10,quality issue,damaged
RET-001762,ORD-010319,B0PB2ANK9N,1,2025-09-21,changed mind,resellable
RET-001763,ORD-010324, acaia apron ,1,2025-08-27,changed mind,resellable
RET-001764,ORD-010325,glasstorjarsetof6 ,1,2025-08-20,changed mind,resellable
RET-001765,ORD-010329,B07BFW8H1T,1,2025-08-17,wrong item,opened
RET-001766,ORD-010344,B0GQ0AUTHT,1,2025-09-15,changed mind,opened
RET-001767,ORD-010347,B0N4R752V5,1,2025-08-19,no longer needed,opened
RET-001768,ORD-010360,B0X2XM7B9M,1,2025-09-12,changed mind,resellable
RET-001769,ORD-010365,B0KT4D60ZK,1,2025-08-20,arrived damaged,damaged
RET-001770,ORD-010376,staisteestanmixe  ,1,2025-08-21,arrived damaged,damaged
RET-001771,ORD-010381,B0CZC3PXCW,2,2025-09-18,changed mind,resellable
RET-001772,ORD-010388,B04FTSGMDD,1,2025-09-24,changed mind,resellable
RET-001773,ORD-010398,B076GJU5HA,1,2025-09-19,changed mind,resellable
RET-001774,ORD-010409,B0TBF17EBH,1,2025-08-16,wrong item,opened
RET-001775,ORD-010413, stneware grill pan ,3,2025-09-13,changed mind,resellable
RET-001776,ORD-010415,B0GKGBFV52,1,2025-09-05,not as described,damaged
RET-001777,ORD-010416,B0WXUN8SX9,1,2025-09-23,arrived damaged,damaged
RET-001778,ORD-010427,VH-1104,1,2025-08-30,wrong item,resellable
RET-001779,ORD-010430, cast-iron-casserole-5l  ,1,2025-08-29,quality issue,opened
RET-001780,ORD-010434,B0AH374DW8,1,2025-09-13,changed mind,opened
RET-001781,ORD-010437,B00RADH5S3,1,2025-09-11,not as described,opened
RET-001782,ORD-010454,B0TBF17EBH,1,2025-09-08,not as described,resellable
RET-001783,ORD-010465,B01J3QMR6K,1,2025-10-01,no longer needed,opened
RET-001784,ORD-010476,VH-1107,1,2025-10-15,changed mind,resellable
RET-001785,ORD-010489,B01N7NW7US,1,2025-10-14,changed mind,resellable
RET-001786,ORD-010493, coppapro ,1,2025-10-11,not as described,opened
RET-001787,ORD-010502,B04BS1RFN3,1,2025-09-16,not as described,resellable
RET-001788,ORD-010513,B0WXUN8SX9,2,2025-10-09,changed mind,resellable
RET-001789,ORD-010519,ceramic nesting bols  ,1,2025-09-22,wrong item,damaged
RET-001790,ORD-010520,B0SFE1R7XM,1,2025-10-04,not as described,resellable
RET-001791,ORD-010532,B0HC6GKYNZ,1,2025-10-02,no longer needed,resellable
RET-001792,ORD-010551,B00RADH5S3,1,2025-10-07,changed mind,resellable
RET-001793,ORD-010561,B0WXUN8SX9,1,2025-09-12,changed mind,damaged
RET-001794,ORD-010571,B0TBF17EBH,1,2025-09-21,changed mind,resellable
RET-001795,ORD-010576,VH-1106,1,2025-10-20,no longer needed,resellable
RET-001796,ORD-010578,B0WXUN8SX9,1,2025-09-25,quality issue,damaged
RET-001797,ORD-010594,B0GKGBFV52,1,2025-10-08,arrived damaged,damaged
RET-001798,ORD-010596,B0WXUN8SX9,1,2025-09-27,quality issue,damaged
RET-001799,ORD-010602,B0X2XM7B9M,1,2025-10-04,quality issue,opened
RET-001800,ORD-010605,B00RADH5S3,1,2025-11-16,not as described,resellable
RET-001801,ORD-010606,B00RADH5S3,1,2025-09-26,wrong item,damaged
RET-001802,ORD-010617,VH-1029,1,2025-09-25,changed mind,resellable
RET-001803,ORD-010620,B0TE7M6JWU,1,2025-09-25,not as described,damaged
RET-001804,ORD-010620,B09VH9SRSS,1,2025-11-07,changed mind,resellable
RET-001805,ORD-010625, staisteestanmixe ,1,2025-10-01,changed mind,damaged
RET-001806,ORD-010632,B0ZM4P1CPY,1,2025-09-17,arrived damaged,opened
RET-001807,ORD-010634,VH-1025,1,2025-09-15,changed mind,resellable
RET-001808,ORD-010639, stonteatoweset  ,1,2025-09-08,changed mind,opened
RET-001809,ORD-010647,slatplacset  ,1,2025-09-28,quality issue,damaged
RET-001810,ORD-010647, stonfryipan ,1,2025-09-14,quality issue,damaged
RET-001811,ORD-010647, staisteestanmixe  ,1,2025-09-12,no longer needed,opened
RET-001812,ORD-010672, cast-iron-electric-kettle  ,1,2025-09-17,not as described,opened
RET-001813,ORD-010672,staisteestanmixe  ,1,2025-09-12,not as described,opened
RET-001814,ORD-010673,staisteestanmixe  ,1,2025-10-03,arrived damaged,damaged
RET-001815,ORD-010688,B02U1TMWTY,1,2025-10-02,changed mind,resellable
RET-001816,ORD-010691,B0R6SMCWAT,1,2025-09-26,no longer needed,opened
RET-001817,ORD-010697,vh acacia hand blender ,1,2025-09-15,quality issue,opened
RET-001818,ORD-010702,B0XLHGCJNR,1,2025-10-19,changed mind,resellable
RET-001819,ORD-010703,B0HC6GKYNZ,1,2025-10-20,quality issue,damaged
RET-001820,ORD-010708,VH-1081,1,2025-09-25,changed mind,resellable
RET-001821,ORD-010709,B0WXUN8SX9,1,2025-11-05,no longer needed,resellable
RET-001822,ORD-010725,B0WXUN8SX9,1,2025-10-09,no longer needed,resellable
RET-001823,ORD-010728,B08XCQ8NA9,1,2025-09-05,no longer needed,resellable
RET-001824,ORD-010730,B0MLAXK2E1,1,2025-09-24,quality issue,damaged
RET-001825,ORD-010738,stoeware serving board ,1,2025-11-03,changed mind,opened
RET-001826,ORD-010738,oak-mug-set  ,1,2025-10-10,changed mind,opened
RET-001827,ORD-010742,B00RADH5S3,1,2025-10-17,no longer needed,resellable
RET-001828,ORD-010743,enamel_frying_pan ,1,2025-11-17,changed mind,resellable
RET-001829,ORD-010753,B044FDSE6A,1,2025-10-06,quality issue,resellable
RET-001830,ORD-010753,B0TBF17EBH,1,2025-10-13,no longer needed,resellable
RET-001831,ORD-010756,B00RADH5S3,1,2025-10-04,changed mind,resellable
RET-001832,ORD-010760,VH-1025,1,2025-10-24,not as described,resellable
RET-001833,ORD-010793,B0WXUN8SX9,1,2025-09-17,no longer needed,resellable
RET-001834,ORD-010795,B00E7ZCXW5,1,2025-10-30,quality issue,opened
RET-001835,ORD-010812,B0U862BR2Y,1,2025-10-07,changed mind,resellable
RET-001836,ORD-010815,lineloaftin ,1,2025-10-17,not as described,opened
RET-001837,ORD-010825,B0WXUN8SX9,1,2025-10-13,not as described,opened
RET-001838,ORD-010848, oak-mug-set  ,2,2025-09-29,no longer needed,resellable
RET-001839,ORD-010852,vh bamboo kitchen utensil set ,2,2025-10-09,arrived damaged,damaged
RET-001840,ORD-010855,B0GKGBFV52,1,2025-09-13,changed mind,opened
RET-001841,ORD-010855,B0NUXWWTXM,1,2025-09-08,arrived damaged,damaged
RET-001842,ORD-010856,B07LLE55WZ,1,2025-09-24,not as described,opened
RET-001843,ORD-010860, marbturn ,1,2025-10-10,no longer needed,opened
RET-001844,ORD-010864,VH-1071,1,2025-09-27,quality issue,resellable
RET-001845,ORD-010868,B04FTSGMDD,2,2025-10-15,arrived damaged,damaged
RET-001846,ORD-010870,B0TBF17EBH,1,2025-10-29,changed mind,damaged
RET-001847,ORD-010878,marble_placemat_set ,1,2025-10-17,not as described,resellable
RET-001848,ORD-010886,B00RADH5S3,1,2025-10-11,no longer needed,resellable
RET-001849,ORD-010887,B0TBF17EBH,1,2025-10-18,no longer needed,opened
RET-001850,ORD-010887,B00RADH5S3,1,2025-10-06,no longer needed,opened
RET-001851,ORD-010897,staisteestanmixe ,1,2025-09-29,no longer needed,resellable
RET-001852,ORD-010904,B00RADH5S3,2,2025-10-20,not as described,damaged
RET-001853,ORD-010906,B0DUGKZEZ8,2,2025-10-01,changed mind,resellable
RET-001854,ORD-010924,B0WXUN8SX9,1,2025-10-11,changed mind,opened
RET-001855,ORD-010927,B00RADH5S3,1,2025-10-17,quality issue,damaged
RET-001856,ORD-010954,B0NTQBZ4V2,1,2025-10-01,no longer needed,damaged
RET-001857,ORD-010956,B0WXUN8SX9,1,2025-11-01,no longer needed,resellable
RET-001858,ORD-010958,B0WXUN8SX9,1,2025-10-01,wrong item,resellable
RET-001859,ORD-010973,B0KT4D60ZK,2,2025-09-20,changed mind,opened
RET-001860,ORD-010979,B0WXUN8SX9,1,2025-10-05,not as described,opened
RET-001861,ORD-010979,B0TE7M6JWU,1,2025-10-03,changed mind,damaged
RET-001862,ORD-010984,B0WXUN8SX9,1,2025-10-05,changed mind,resellable
RET-001863,ORD-010987, stonteatoweset  ,1,2025-10-21,quality issue,damaged
RET-001864,ORD-010992,enamel_frying_pan ,1,2025-10-09,wrong item,opened
RET-001865,ORD-010997,B0L1F47G91,1,2025-09-18,changed mind,opened
RET-001866,ORD-011014,B0YMGZD1WQ,1,2025-09-12,no longer needed,resellable
RET-001867,ORD-011015,B0MLAXK2E1,1,2025-09-27,changed mind,opened
RET-001868,ORD-011017,B0KWHTZDZV,1,2025-09-20,changed mind,resellable
RET-001869,ORD-011020,B00RADH5S3,1,2025-09-07,no longer needed,opened
RET-001870,ORD-011023,B00RADH5S3,1,2025-10-10,wrong item,opened
RET-001871,ORD-011024,VH-1102,1,2025-10-11,changed mind,opened
RET-001872,ORD-011025,VH-1096,1,2025-09-22,changed mind,resellable
RET-001873,ORD-011049,VH-1042,1,2025-09-11,not as described,resellable
RET-001874,ORD-011057,B0CZC3PXCW,1,2025-10-05,changed mind,resellable
RET-001875,ORD-011070,VH-1086,1,2025-09-26,not as described,opened
RET-001876,ORD-011072,VH-1022,1,2025-09-26,no longer needed,resellable
RET-001877,ORD-011079,B044FDSE6A,1,2025-11-02,no longer needed,opened
RET-001878,ORD-011085,B00LHXS3KS,1,2025-09-17,not as described,resellable
RET-001879,ORD-011087,B01J3QMR6K,1,2025-09-10,not as described,resellable
RET-001880,ORD-011098,VH-1102,1,2025-09-30,no longer needed,resellable
RET-001881,ORD-011099,B00RADH5S3,1,2025-10-08,not as described,opened
RET-001882,ORD-011109,VH-1016,1,2025-09-20,no longer needed,resellable
RET-001883,ORD-011113,B0QT3U9PL7,1,2025-09-20,no longer needed,resellable
RET-001884,ORD-011115,B0C14B2M8L,1,2025-10-09,arrived damaged,damaged
RET-001885,ORD-011134,B0TE7M6JWU,1,2025-10-08,no longer needed,resellable
RET-001886,ORD-011145,B00RADH5S3,1,2025-10-05,arrived damaged,damaged
RET-001887,ORD-011153,B00RADH5S3,1,2025-09-16,no longer needed,resellable
RET-001888,ORD-011154,B0WXUN8SX9,1,2025-09-24,not as described,resellable
RET-001889,ORD-011159, ceramic dinnr set 12 piece  ,1,2025-10-17,not as described,damaged
RET-001890,ORD-011167,B0XLHGCJNR,1,2025-10-01,no longer needed,resellable
RET-001891,ORD-011168,B044FDSE6A,1,2025-10-09,no longer needed,resellable
RET-001892,ORD-011171,B0TE7M6JWU,1,2025-09-16,quality issue,damaged
RET-001893,ORD-011172,VH-1024,1,2025-09-25,no longer needed,resellable
RET-001894,ORD-011173,B0WXUN8SX9,1,2025-09-19,changed mind,opened
RET-001895,ORD-011177,B04CU9MZTG,1,2025-09-29,changed mind,opened
RET-001896,ORD-011179,B0X2XM7B9M,1,2025-09-30,not as described,resellable
RET-001897,ORD-011180,B00RADH5S3,1,2025-10-26,quality issue,damaged
RET-001898,ORD-011185,B0TBF17EBH,1,2025-09-23,changed mind,resellable
RET-001899,ORD-011220,B0WXUN8SX9,1,2025-09-22,changed mind,resellable
RET-001900,ORD-011224,B0TBF17EBH,1,2025-10-02,changed mind,opened
RET-001901,ORD-011225,B0X3KCJPGM,1,2025-09-08,changed mind,resellable
RET-001902,ORD-011225,B0G1ZLZB9X,1,2025-09-13,changed mind,resellable
RET-001903,ORD-011225,B00RADH5S3,1,2025-09-28,arrived damaged,damaged
RET-001904,ORD-011234,B0SFE1R7XM,1,2025-10-06,changed mind,resellable
RET-001905,ORD-011235,B0TBF17EBH,1,2025-09-11,not as described,resellable
RET-001906,ORD-011238,B0EAVD8CJ8,1,2025-09-15,changed mind,resellable
RET-001907,ORD-011243,B06RJSMPSQ,1,2025-10-08,wrong item,damaged
RET-001908,ORD-011243,B02ZXK0X7U,1,2025-10-30,changed mind,resellable
RET-001909,ORD-011246,B0GKVZ8140,1,2025-09-19,wrong item,resellable
RET-001910,ORD-011252,B0WXUN8SX9,1,2025-10-21,quality issue,damaged
RET-001911,ORD-011258,B04BS1RFN3,1,2025-09-19,no longer needed,resellable
RET-001912,ORD-011260,B0WXUN8SX9,1,2025-09-28,arrived damaged,damaged
RET-001913,ORD-011269,B0NTQBZ4V2,1,2025-10-12,not as described,opened
RET-001914,ORD-011297, cast-iron-casserole-5l ,1,2025-11-20,quality issue,damaged
RET-001915,ORD-011301,B0WXUN8SX9,3,2025-10-14,arrived damaged,damaged
RET-001916,ORD-011301,B0W5BH9XZQ,1,2025-10-12,changed mind,opened
RET-001917,ORD-011302,VH-1051,1,2025-10-29,not as described,opened
RET-001918,ORD-011324, oak-mug-set ,1,2025-11-10,changed mind,resellable
RET-001919,ORD-011326,B00RADH5S3,1,2025-10-22,changed mind,resellable
RET-001920,ORD-011327,B0WXUN8SX9,1,2025-10-31,not as described,opened
RET-001921,ORD-011332,B0XS5B40FN,1,2025-10-14,not as described,damaged
RET-001922,ORD-011333,B0GKVZ8140,1,2025-11-02,arrived damaged,opened
RET-001923,ORD-011343,B0WXUN8SX9,2,2025-11-20,no longer needed,resellable
RET-001924,ORD-011369,B0WXUN8SX9,1,2025-11-20,arrived damaged,damaged
RET-001925,ORD-011369,B01J3QMR6K,1,2025-11-01,changed mind,resellable
RET-001926,ORD-011370,B0NNFJVLCD,1,2025-10-16,changed mind,resellable
RET-001927,ORD-011372, staisteestanmixe  ,1,2025-10-12,changed mind,opened
RET-001928,ORD-011384,VH-1004,1,2025-11-17,quality issue,damaged
RET-001929,ORD-011385,VH-1057,1,2025-10-14,wrong item,resellable
RET-001930,ORD-011392,B0TBF17EBH,1,2025-11-30,arrived damaged,damaged
RET-001931,ORD-011396,B0R6SMCWAT,1,2025-10-17,changed mind,opened
RET-001932,ORD-011396,B0WXUN8SX9,1,2025-10-16,no longer needed,resellable
RET-001933,ORD-011397,VH-1117,1,2025-10-31,arrived damaged,damaged
RET-001934,ORD-011403,B0WXUN8SX9,1,2025-10-26,changed mind,opened
RET-001935,ORD-011404,VH-1049,1,2025-11-13,changed mind,resellable
RET-001936,ORD-011413,B0PLGQ0WUW,1,2025-11-28,changed mind,resellable
RET-001937,ORD-011414, vh stainless steel muffin tray ,1,2025-11-12,changed mind,resellable
RET-001938,ORD-011416,B0W8N8XWYK,1,2025-10-30,no longer needed,resellable
RET-001939,ORD-011429, castironbakishee ,1,2025-11-06,arrived damaged,damaged
RET-001940,ORD-011437,B0TBF17EBH,1,2025-11-13,not as described,opened
RET-001941,ORD-011455,coppapro  ,1,2025-10-29,wrong item,resellable
RET-001942,ORD-011460,B0WXUN8SX9,1,2025-11-01,quality issue,opened
RET-001943,ORD-011460,B00H6QEFH6,1,2025-11-01,wrong item,resellable
RET-001944,ORD-011472,B0XS5B40FN,2,2025-11-12,changed mind,resellable
RET-001945,ORD-011474,B01FSLB5Q7,4,2025-11-09,quality issue,resellable
RET-001946,ORD-011479,B0CVL56XRT,3,2025-11-04,arrived damaged,opened
RET-001947,ORD-011480,B0PLGQ0WUW,1,2025-11-10,changed mind,resellable
RET-001948,ORD-011482,VH-1058,1,2025-10-30,no longer needed,damaged
RET-001949,ORD-011492, stoneware_loaf_tin  ,1,2025-11-02,not as described,resellable
RET-001950,ORD-011493, vh enamel tea towel set  ,1,2025-10-28,changed mind,resellable
RET-001951,ORD-011498,VH-1086,1,2025-11-08,changed mind,opened
RET-001952,ORD-011498,VH-1090,1,2025-12-02,quality issue,opened
RET-001953,ORD-011499,B0HGZ5AHB5,1,2025-11-15,no longer needed,resellable
RET-001954,ORD-011500,B0PB2ANK9N,1,2025-10-18,changed mind,opened
RET-001955,ORD-011501,B0GKGBFV52,1,2025-11-11,changed mind,opened
RET-001956,ORD-011510,B02U1TMWTY,1,2025-11-11,not as described,opened
RET-001957,ORD-011515, stonfryipan ,1,2025-11-25,arrived damaged,damaged
RET-001958,ORD-011523,B0SFE1R7XM,1,2025-11-05,changed mind,resellable
RET-001959,ORD-011537,B06TDAT9ZQ,1,2025-10-10,not as described,opened
RET-001960,ORD-011544,B0TBF17EBH,1,2025-11-29,quality issue,damaged
RET-001961,ORD-011551, cast-iron-casserole-5l ,3,2025-10-21,quality issue,damaged
RET-001962,ORD-011554,B00RADH5S3,1,2025-12-05,not as described,resellable
RET-001963,ORD-011559,B0WXUN8SX9,1,2025-10-24,changed mind,opened
RET-001964,ORD-011566,B0YZNEKZT7,1,2025-12-04,wrong item,resellable
RET-001965,ORD-011571,VH-1092,1,2025-10-26,changed mind,opened
RET-001966,ORD-011574,B04FTSGMDD,2,2025-10-26,changed mind,opened
RET-001967,ORD-011585,VH-1056,1,2025-10-15,changed mind,resellable
RET-001968,ORD-011585,VH-1053,1,2025-10-19,quality issue,damaged
RET-001969,ORD-011602, acaia apron  ,1,2025-11-21,changed mind,resellable
RET-001970,ORD-011604,B0TBF17EBH,2,2025-10-22,arrived damaged,damaged
RET-001971,ORD-011604,B0X3KCJPGM,1,2025-10-16,changed mind,resellable
RET-001972,ORD-011634,B0TBF17EBH,1,2025-11-08,changed mind,resellable
RET-001973,ORD-011636,B0GKVZ8140,1,2025-11-22,no longer needed,resellable
RET-001974,ORD-011638,B0NTQBZ4V2,1,2025-10-17,not as described,resellable
RET-001975,ORD-011640,ceramic dinnr set 12 piece  ,1,2025-11-16,not as described,damaged
RET-001976,ORD-011653,VH-1081,1,2025-11-21,quality issue,damaged
RET-001977,ORD-011672,VH-1039,1,2025-11-09,wrong item,resellable
RET-001978,ORD-011692,B0HK5F3DG1,1,2025-10-31,quality issue,damaged
RET-001979,ORD-011693,slatsalabowl ,1,2025-10-19,not as described,resellable
RET-001980,ORD-011694,melamine-tumbler-set  ,1,2025-11-03,changed mind,resellable
RET-001981,ORD-011705,B0TBF17EBH,3,2025-10-06,wrong item,opened
RET-001982,ORD-011709,B0TBF17EBH,1,2025-11-05,no longer needed,resellable
RET-001983,ORD-011715,B0WXUN8SX9,1,2025-11-13,changed mind,resellable
RET-001984,ORD-011753,B0TBF17EBH,1,2025-11-03,changed mind,opened
RET-001985,ORD-011760,B00RADH5S3,1,2025-11-19,wrong item,resellable
RET-001986,ORD-011761,B044FDSE6A,1,2025-10-31,changed mind,opened
RET-001987,ORD-011764,VH-1019,1,2025-11-25,changed mind,resellable
RET-001988,ORD-011768,ceramic dinnr set 12 piece ,1,2025-11-20,quality issue,damaged
RET-001989,ORD-011770,B0TE7M6JWU,1,2025-11-18,no longer needed,opened
RET-001990,ORD-011770,B04FTSGMDD,1,2025-10-19,changed mind,resellable
RET-001991,ORD-011773,VH-1058,1,2025-11-08,arrived damaged,damaged
RET-001992,ORD-011796,VH-1034,1,2025-10-31,not as described,resellable
RET-001993,ORD-011800,B0NTQBZ4V2,1,2025-11-16,no longer needed,resellable
RET-001994,ORD-011802,VH-1087,1,2025-11-23,no longer needed,resellable
RET-001995,ORD-011814,B0TRA8NLKK,1,2025-10-28,changed mind,resellable
RET-001996,ORD-011824,VH-1101,1,2025-11-10,not as described,opened
RET-001997,ORD-011826,B0L1F47G91,1,2025-10-16,changed mind,resellable
RET-001998,ORD-011829, ceramic-table-runner ,1,2025-10-27,changed mind,opened
RET-001999,ORD-011851, ceramic-frying-pan  ,1,2025-11-03,changed mind,resellable
RET-002000,ORD-011857,B0WXUN8SX9,1,2025-10-19,arrived damaged,damaged
RET-002001,ORD-011865,B0KT4D60ZK,1,2025-10-08,changed mind,opened
RET-002002,ORD-011868,B0WXUN8SX9,1,2025-10-26,changed mind,resellable
RET-002003,ORD-011877,B0WXUN8SX9,1,2025-11-03,changed mind,opened
RET-002004,ORD-011879,terrfryipan ,1,2025-12-01,changed mind,opened
RET-002005,ORD-011880,B0WXUN8SX9,1,2025-12-16,quality issue,opened
RET-002006,ORD-011885,VH-1068,1,2025-10-24,no longer needed,resellable
RET-002007,ORD-011890,B0L1F47G91,2,2025-11-09,changed mind,resellable
RET-002008,ORD-011890,B0X3KCJPGM,1,2025-11-21,changed mind,damaged
RET-002009,ORD-011890,B00RADH5S3,2,2025-10-28,changed mind,opened
RET-002010,ORD-011894,VH-1034,1,2025-10-28,arrived damaged,opened
RET-002011,ORD-011895,B00H6QEFH6,1,2025-10-30,not as described,resellable
RET-002012,ORD-011897,VH-1109,1,2025-10-21,wrong item,resellable
RET-002013,ORD-011898,B0FBSP8LCU,1,2025-11-18,changed mind,resellable
RET-002014,ORD-011901,B0WXUN8SX9,1,2025-11-03,not as described,opened
RET-002015,ORD-011902,B0D27V1BVA,1,2025-10-27,arrived damaged,opened
RET-002016,ORD-011906,B0PFWXAFNA,1,2025-11-05,changed mind,opened
RET-002017,ORD-011906,B0TE7M6JWU,1,2025-11-07,not as described,damaged
RET-002018,ORD-011914,B0WXUN8SX9,1,2025-10-15,not as described,damaged
RET-002019,ORD-011915,B0GQ0AUTHT,1,2025-11-07,arrived damaged,damaged
RET-002020,ORD-011915,B0TBF17EBH,2,2025-10-26,wrong item,resellable
RET-002021,ORD-011917,B0TBF17EBH,1,2025-10-19,no longer needed,resellable
RET-002022,ORD-011923,B0WXUN8SX9,1,2025-12-23,no longer needed,resellable
RET-002023,ORD-011925,B0DUGKZEZ8,1,2025-11-03,changed mind,resellable
RET-002024,ORD-011927,VH-1025,1,2025-12-08,not as described,resellable
RET-002025,ORD-011929,VH-1059,2,2025-10-13,arrived damaged,damaged
RET-002026,ORD-011931,B0M5P2CY7D,1,2025-11-09,not as described,opened
RET-002027,ORD-011931,B00RADH5S3,1,2025-11-06,quality issue,opened
RET-002028,ORD-011942,B0WXUN8SX9,1,2025-10-31,changed mind,resellable
RET-002029,ORD-011959,VH-1059,1,2025-11-07,arrived damaged,damaged
RET-002030,ORD-011962,B0D27V1BVA,1,2025-10-15,changed mind,damaged
RET-002031,ORD-011966,B0C14B2M8L,1,2025-11-11,no longer needed,resellable
RET-002032,ORD-011969,B0WXUN8SX9,1,2025-10-31,changed mind,resellable
RET-002033,ORD-011969,B0ZM4P1CPY,1,2025-11-07,quality issue,resellable
RET-002034,ORD-011973,B0PFWXAFNA,1,2025-10-24,wrong item,resellable
RET-002035,ORD-011977,VH-1009,3,2025-11-17,changed mind,opened
RET-002036,ORD-011979,B0MT6315WC,1,2025-10-14,not as described,opened
RET-002037,ORD-011981,staisteestanmixe  ,1,2025-11-06,arrived damaged,resellable
RET-002038,ORD-011983,B0U862BR2Y,1,2025-11-03,wrong item,resellable
RET-002039,ORD-011983,B0C7PHW57Y,1,2025-10-27,quality issue,damaged
RET-002040,ORD-011993,VH-1075,1,2025-10-09,not as described,damaged
RET-002041,ORD-011997,VH-1057,1,2025-10-30,changed mind,opened
RET-002042,ORD-012000,B0WXUN8SX9,1,2025-12-03,quality issue,damaged
RET-002043,ORD-012003,B00RADH5S3,1,2025-10-20,arrived damaged,damaged
RET-002044,ORD-012004,VH-1020,1,2025-10-31,changed mind,resellable
RET-002045,ORD-012023,VH-1001,1,2025-11-21,arrived damaged,damaged
RET-002046,ORD-012029,B01N7NW7US,1,2025-10-22,arrived damaged,damaged
RET-002047,ORD-012032,VH-1032,1,2025-11-15,no longer needed,opened
RET-002048,ORD-012036,B0PLGQ0WUW,3,2025-11-18,changed mind,resellable
RET-002049,ORD-012041,B00E7ZCXW5,1,2025-11-05,changed mind,opened
RET-002050,ORD-012067,B0R6SMCWAT,1,2025-10-28,not as described,opened
RET-002051,ORD-012072, coppapro ,1,2025-10-21,wrong item,resellable
RET-002052,ORD-012075,VH-1046,1,2025-11-04,wrong item,resellable
RET-002053,ORD-012078,VH-1083,1,2025-11-08,changed mind,opened
RET-002054,ORD-012079,B0KT4D60ZK,1,2025-11-20,quality issue,damaged
RET-002055,ORD-012085,B00LHXS3KS,1,2025-11-03,not as described,resellable
RET-002056,ORD-012086,B00RADH5S3,1,2025-11-17,arrived damaged,damaged
RET-002057,ORD-012107,B0WXUN8SX9,1,2025-11-05,changed mind,opened
RET-002058,ORD-012108,oak_salad_bowl ,1,2025-10-20,changed mind,resellable
RET-002059,ORD-012110,B0JJCQQ73Q,1,2025-11-11,not as described,opened
RET-002060,ORD-012110,B0WXUN8SX9,1,2025-11-17,changed mind,resellable
RET-002061,ORD-012121,B00RADH5S3,1,2025-10-28,not as described,resellable
RET-002062,ORD-012122,B00RADH5S3,1,2025-11-08,no longer needed,resellable
RET-002063,ORD-012129,B0B1RBATAH,1,2025-11-22,no longer needed,resellable
RET-002064,ORD-012142,stneware grill pan ,1,2025-10-11,not as described,resellable
RET-002065,ORD-012143,staisteestanmixe  ,1,2025-10-14,changed mind,opened
RET-002066,ORD-012150,B0XVBEPU7E,1,2025-11-06,not as described,resellable
RET-002067,ORD-012162,B0BW9EFX8S,1,2025-11-03,changed mind,resellable
RET-002068,ORD-012172,B0FBSP8LCU,1,2025-10-18,not as described,resellable
RET-002069,ORD-012174,B0XVBEPU7E,1,2025-11-06,changed mind,opened
RET-002070,ORD-012176,B00LHXS3KS,1,2025-10-23,not as described,resellable
RET-002071,ORD-012178,B0WXUN8SX9,1,2025-11-24,arrived damaged,damaged
RET-002072,ORD-012181,B0ZM4P1CPY,1,2025-10-18,not as described,damaged
RET-002073,ORD-012187,B0QFTM3WML,1,2025-10-27,arrived damaged,damaged
RET-002074,ORD-012189, staisteestanmixe ,1,2025-11-02,quality issue,damaged
RET-002075,ORD-012190,VH-1047,1,2025-11-06,changed mind,resellable
RET-002076,ORD-012194,B0QRL5NZ0E,1,2025-11-06,changed mind,opened
RET-002077,ORD-012199,VH-1027,1,2025-10-16,quality issue,opened
RET-002078,ORD-012201,B0TBF17EBH,1,2025-11-04,changed mind,resellable
RET-002079,ORD-012218,B0NTQBZ4V2,1,2025-11-09,no longer needed,resellable
RET-002080,ORD-012221,B0S1ZHPN2M,1,2025-10-26,changed mind,resellable
RET-002081,ORD-012223,B0DF2MFPCY,2,2025-11-02,changed mind,resellable
RET-002082,ORD-012224,B0WXUN8SX9,1,2025-11-16,wrong item,resellable
RET-002083,ORD-012231,B0MLAXK2E1,1,2025-10-31,wrong item,opened
RET-002084,ORD-012236,B0L1F47G91,2,2025-10-24,quality issue,damaged
RET-002085,ORD-012250,B0WXUN8SX9,1,2025-11-12,changed mind,resellable
RET-002086,ORD-012250,B0SFE1R7XM,1,2025-11-14,wrong item,opened
RET-002087,ORD-012257,B0W3L9K2TT,1,2025-11-13,changed mind,resellable
RET-002088,ORD-012275,B00LHXS3KS,2,2025-10-15,wrong item,resellable
RET-002089,ORD-012275,B0WXUN8SX9,1,2025-10-11,wrong item,resellable
RET-002090,ORD-012276, oak-mug-set ,1,2025-11-02,quality issue,damaged
RET-002091,ORD-012281,B0DF2MFPCY,1,2025-11-09,changed mind,resellable
RET-002092,ORD-012281,B00RADH5S3,1,2025-11-24,changed mind,resellable
RET-002093,ORD-012303,B0WXUN8SX9,1,2025-10-16,arrived damaged,damaged
RET-002094,ORD-012310,B07BFW8H1T,1,2025-11-18,wrong item,resellable
RET-002095,ORD-012320,B0WXUN8SX9,2,2025-11-20,wrong item,opened
RET-002096,ORD-012320,B0TBF17EBH,2,2025-11-07,changed mind,resellable
RET-002097,ORD-012324,B0XS5B40FN,1,2025-11-15,not as described,opened
RET-002098,ORD-012324,B0TBF17EBH,1,2025-11-12,not as described,opened
RET-002099,ORD-012326,B0GQ0AUTHT,1,2025-10-26,no longer needed,resellable
RET-002100,ORD-012329,B0CZC3PXCW,1,2025-10-24,changed mind,opened
RET-002101,ORD-012329,B0PLGQ0WUW,1,2025-10-30,changed mind,opened
RET-002102,ORD-012332,B0NTQBZ4V2,3,2025-10-29,no longer needed,resellable
RET-002103,ORD-012338,B08XCQ8NA9,3,2025-11-02,quality issue,opened
RET-002104,ORD-012354,VH-1053,1,2025-10-13,changed mind,resellable
RET-002105,ORD-012364,B0HC6GKYNZ,1,2025-10-27,no longer needed,opened
RET-002106,ORD-012372,B0PSBKCKDF,1,2025-11-01,changed mind,resellable
RET-002107,ORD-012372,B0PFWXAFNA,1,2025-10-11,quality issue,damaged
RET-002108,ORD-012375,B044FDSE6A,1,2025-10-29,not as described,resellable
RET-002109,ORD-012377,VH-1057,1,2025-11-01,not as described,opened
RET-002110,ORD-012400,vh acacia storage jar  ,1,2025-12-20,changed mind,resellable
RET-002111,ORD-012400,staisteestanmixe  ,1,2025-12-14,not as described,opened
RET-002112,ORD-012403,melamine_muffin_tray ,1,2025-11-11,not as described,opened
RET-002113,ORD-012412,B0QGLWA5EL,1,2025-12-09,changed mind,opened
RET-002114,ORD-012425,B00RADH5S3,1,2025-11-18,no longer needed,resellable
RET-002115,ORD-012428,ceramic nesting bols ,1,2025-11-25,no longer needed,resellable
RET-002116,ORD-012437,B00RADH5S3,1,2025-12-06,no longer needed,resellable
RET-002117,ORD-012448,borosilicate-food-chopper ,1,2025-12-20,changed mind,resellable
RET-002118,ORD-012459,VH-1062,1,2025-11-25,changed mind,resellable
RET-002119,ORD-012490,B0WXUN8SX9,1,2026-01-01,changed mind,resellable
RET-002120,ORD-012490,B0TBF17EBH,1,2025-12-09,changed mind,resellable
RET-002121,ORD-012491,B0W8N8XWYK,1,2026-01-01,not as described,opened
RET-002122,ORD-012493,B0TBXU1FDC,4,2025-11-24,arrived damaged,damaged
RET-002123,ORD-012516,VH-1009,1,2025-11-19,changed mind,resellable
RET-002124,ORD-012523,B0WXUN8SX9,1,2025-12-08,wrong item,resellable
RET-002125,ORD-012527,B077TNVM8B,1,2025-12-02,arrived damaged,damaged
RET-002126,ORD-012537,B00RADH5S3,1,2025-11-21,wrong item,damaged
RET-002127,ORD-012538,B0WXUN8SX9,1,2025-12-10,changed mind,resellable
RET-002128,ORD-012541, vh acacia hand blender ,1,2025-11-20,arrived damaged,opened
RET-002129,ORD-012542,B0WXUN8SX9,1,2025-12-15,changed mind,resellable
RET-002130,ORD-012549,VH-1081,1,2025-11-18,not as described,resellable
RET-002131,ORD-012553,B0G9FTWQ6C,1,2025-12-08,changed mind,resellable
RET-002132,ORD-012559,B00710SNJ5,1,2025-11-16,changed mind,opened
RET-002133,ORD-012570,VH-1030,1,2025-12-01,not as described,opened
RET-002134,ORD-012581,B0WXUN8SX9,1,2025-11-25,wrong item,opened
RET-002135,ORD-012583,B0PLGQ0WUW,1,2025-12-12,wrong item,resellable
RET-002136,ORD-012587,B0HK5F3DG1,1,2025-11-23,arrived damaged,damaged
RET-002137,ORD-012593,B0GEWB7VT5,1,2025-12-06,not as described,opened
RET-002138,ORD-012596,B00RADH5S3,1,2025-12-05,no longer needed,resellable
RET-002139,ORD-012599,B0G9FTWQ6C,1,2025-12-04,not as described,resellable
RET-002140,ORD-012599,B0CZC3PXCW,1,2025-11-15,changed mind,opened
RET-002141,ORD-012604,B0PLGQ0WUW,1,2025-12-08,wrong item,opened
RET-002142,ORD-012610,B0R6SMCWAT,1,2025-11-23,changed mind,opened
RET-002143,ORD-012631,VH-1084,1,2025-12-17,changed mind,resellable
RET-002144,ORD-012645,VH-1057,1,2025-11-22,not as described,resellable
RET-002145,ORD-012646,B0QT3U9PL7,1,2025-11-16,changed mind,opened
RET-002146,ORD-012650,B0WXUN8SX9,1,2025-11-12,not as described,opened
RET-002147,ORD-012659,B0TBF17EBH,2,2025-12-04,changed mind,opened
RET-002148,ORD-012674,VH-1053,2,2025-11-22,quality issue,damaged
RET-002149,ORD-012677,B0WXUN8SX9,1,2025-12-03,quality issue,resellable
RET-002150,ORD-012682,B0QT3U9PL7,1,2025-11-17,not as described,resellable
RET-002151,ORD-012686,B0HC6GKYNZ,1,2025-12-03,changed mind,resellable
RET-002152,ORD-012694,B0ZM4P1CPY,1,2025-11-15,changed mind,resellable
RET-002153,ORD-012700,B07YF2T8JE,1,2025-12-01,no longer needed,resellable
RET-002154,ORD-012702,B0W5BH9XZQ,1,2025-11-12,wrong item,opened
RET-002155,ORD-012711,B069P5PLP6,1,2026-01-04,changed mind,resellable
RET-002156,ORD-012717,B0WXUN8SX9,2,2025-12-10,changed mind,opened
RET-002157,ORD-012722,B0GQ0AUTHT,1,2026-01-23,wrong item,opened
RET-002158,ORD-012723,VH-1101,1,2025-12-01,wrong item,damaged
RET-002159,ORD-012727,B0WXUN8SX9,1,2025-12-10,not as described,resellable
RET-002160,ORD-012728,B0WXUN8SX9,1,2025-11-28,changed mind,resellable
RET-002161,ORD-012755,B0TBF17EBH,1,2025-12-11,wrong item,resellable
RET-002162,ORD-012759,B0X3KCJPGM,1,2025-11-20,changed mind,resellable
RET-002163,ORD-012767,B00RADH5S3,1,2025-12-17,changed mind,resellable
RET-002164,ORD-012768,B00RADH5S3,1,2025-11-27,not as described,opened
RET-002165,ORD-012770,B00RADH5S3,1,2025-12-06,changed mind,resellable
RET-002166,ORD-012773,B06TDAT9ZQ,1,2025-12-24,not as described,opened
RET-002167,ORD-012777,VH-1029,1,2025-12-05,quality issue,damaged
RET-002168,ORD-012782,B02U1TMWTY,1,2025-11-20,no longer needed,resellable
RET-002169,ORD-012782,B0NTQBZ4V2,1,2025-12-01,quality issue,opened
RET-002170,ORD-012814, vh acacia hand blender ,1,2025-12-24,no longer needed,opened
RET-002171,ORD-012827,VH-1009,1,2025-12-09,changed mind,resellable
RET-002172,ORD-012835,B00RADH5S3,1,2025-11-29,quality issue,opened
RET-002173,ORD-012846, vh bamboo storage jar ,1,2025-12-04,no longer needed,resellable
RET-002174,ORD-012855,VH-1046,1,2025-12-14,changed mind,opened
RET-002175,ORD-012868,B0WXUN8SX9,1,2025-11-17,wrong item,resellable
RET-002176,ORD-012875,B0TBF17EBH,1,2025-11-30,arrived damaged,damaged
RET-002177,ORD-012877,B02U1TMWTY,1,2025-12-05,not as described,opened
RET-002178,ORD-012883,B0NUXWWTXM,1,2025-12-05,changed mind,resellable
RET-002179,ORD-012886,B0L1F47G91,1,2025-11-24,changed mind,opened
RET-002180,ORD-012888,VH-1014,1,2025-12-05,not as described,opened
RET-002181,ORD-012889,B0W5BH9XZQ,1,2025-12-04,wrong item,resellable
RET-002182,ORD-012894,B0C14B2M8L,1,2025-11-27,changed mind,damaged
RET-002183,ORD-012913,B00RADH5S3,1,2025-11-23,changed mind,resellable
RET-002184,ORD-012927,VH-1102,1,2025-12-06,not as described,opened
RET-002185,ORD-012929,borosilicate-spatula-set  ,1,2025-11-25,changed mind,resellable
RET-002186,ORD-012942,B0WXUN8SX9,1,2025-11-13,wrong item,resellable
RET-002187,ORD-012943,B0TBF17EBH,1,2025-11-22,changed mind,opened
RET-002188,ORD-012962,B04FTSGMDD,1,2025-12-02,not as described,resellable
RET-002189,ORD-012967,B044FDSE6A,1,2025-11-27,not as described,resellable
RET-002190,ORD-012982,VH-1009,1,2025-12-04,no longer needed,damaged
RET-002191,ORD-012984,B0R6SMCWAT,1,2025-12-12,no longer needed,resellable
RET-002192,ORD-012990,B0ES9828ZD,2,2025-11-30,no longer needed,resellable
RET-002193,ORD-012992,VH-1057,1,2025-12-19,changed mind,damaged
RET-002194,ORD-012992,VH-1091,1,2025-11-25,changed mind,opened
RET-002195,ORD-013007,VH-1001,1,2025-11-29,no longer needed,resellable
RET-002196,ORD-013016,VH-1019,2,2025-12-13,wrong item,resellable
RET-002197,ORD-013035,B0C14B2M8L,1,2025-12-22,arrived damaged,damaged
RET-002198,ORD-013036,B08XCQ8NA9,1,2025-12-17,not as described,resellable
RET-002199,ORD-013039,B0TBXU1FDC,1,2025-12-14,quality issue,opened
RET-002200,ORD-013039,B0TBF17EBH,1,2025-12-04,changed mind,resellable
RET-002201,ORD-013040,B01V4ZLB05,1,2025-12-13,wrong item,resellable
RET-002202,ORD-013042,B0XDTY1E1W,1,2025-12-14,changed mind,resellable
RET-002203,ORD-013042,B00RADH5S3,1,2025-11-23,wrong item,opened
RET-002204,ORD-013060,B0W3L9K2TT,1,2025-11-21,no longer needed,resellable
RET-002205,ORD-013063,VH-1046,1,2025-11-23,wrong item,resellable
RET-002206,ORD-013073,B0WXUN8SX9,1,2025-12-10,changed mind,opened
RET-002207,ORD-013081,B0SFE1R7XM,1,2025-12-06,changed mind,resellable
RET-002208,ORD-013084,B00RADH5S3,1,2025-11-08,arrived damaged,opened
RET-002209,ORD-013086,B0WXUN8SX9,2,2025-11-28,arrived damaged,damaged
RET-002210,ORD-013094,B0PFWXAFNA,1,2025-12-14,wrong item,resellable
RET-002211,ORD-013096,B0WXUN8SX9,1,2025-12-18,changed mind,resellable
RET-002212,ORD-013101,staisteestanmixe  ,3,2025-12-06,no longer needed,opened
RET-002213,ORD-013108,B0R6SMCWAT,1,2025-11-29,changed mind,resellable
RET-002214,ORD-013109,B0SFE1R7XM,1,2025-12-01,no longer needed,resellable
RET-002215,ORD-013137, cermic pasta bowl set ,1,2025-12-10,no longer needed,resellable
RET-002216,ORD-013155,B0PB2ANK9N,1,2025-11-28,not as described,resellable
RET-002217,ORD-013156,B0XDTY1E1W,1,2025-12-03,changed mind,resellable
RET-002218,ORD-013161,VH-1057,1,2025-11-27,no longer needed,resellable
RET-002219,ORD-013173,B0U862BR2Y,1,2025-12-18,not as described,resellable
RET-002220,ORD-013177,B04Z01TQC9,1,2025-11-28,not as described,opened
RET-002221,ORD-013183,B00RADH5S3,1,2025-12-27,changed mind,damaged
RET-002222,ORD-013186,B0PFWXAFNA,1,2025-12-02,changed mind,opened
RET-002223,ORD-013192,B0WXUN8SX9,1,2025-11-17,no longer needed,resellable
RET-002224,ORD-013215,VH-1057,1,2025-11-29,changed mind,resellable
RET-002225,ORD-013230,B0MLAXK2E1,1,2025-12-06,arrived damaged,damaged
RET-002226,ORD-013234,VH-1009,1,2025-11-29,arrived damaged,damaged
RET-002227,ORD-013235,B00710SNJ5,1,2025-12-08,quality issue,damaged
RET-002228,ORD-013240,B0WXUN8SX9,1,2025-12-08,arrived damaged,damaged
RET-002229,ORD-013243,B0GQ0AUTHT,1,2025-12-21,changed mind,resellable
RET-002230,ORD-013266,B04BS1RFN3,1,2026-01-01,no longer needed,resellable
RET-002231,ORD-013269,B0WXUN8SX9,1,2025-11-26,wrong item,resellable
RET-002232,ORD-013273,B0R6SMCWAT,1,2025-12-23,changed mind,resellable
RET-002233,ORD-013286, ceramic dinnr set 12 piece ,1,2025-12-12,quality issue,damaged
RET-002234,ORD-013296,B07BFW8H1T,1,2025-11-24,no longer needed,resellable
RET-002235,ORD-013321,B0L1F47G91,1,2025-11-25,not as described,resellable
RET-002236,ORD-013324,B04BS1RFN3,1,2025-12-14,arrived damaged,damaged
RET-002237,ORD-013331,B00RADH5S3,1,2025-12-16,quality issue,damaged
RET-002238,ORD-013347,B0WXUN8SX9,1,2025-12-07,arrived damaged,opened
RET-002239,ORD-013363,B0YMGZD1WQ,1,2025-12-06,wrong item,resellable
RET-002240,ORD-013373,B00RADH5S3,1,2025-11-19,wrong item,resellable
RET-002241,ORD-013378,B00RADH5S3,1,2025-12-12,changed mind,resellable
RET-002242,ORD-013391,VH-1113,1,2025-11-25,quality issue,damaged
RET-002243,ORD-013392,B0QRL5NZ0E,1,2025-12-09,quality issue,opened
RET-002244,ORD-013396,B00RADH5S3,1,2025-12-05,arrived damaged,damaged
RET-002245,ORD-013402,B00LHXS3KS,1,2025-12-14,arrived damaged,damaged
RET-002246,ORD-013407,B0YZNEKZT7,1,2025-11-30,not as described,resellable
RET-002247,ORD-013408,B0TBF17EBH,1,2025-12-09,changed mind,resellable
RET-002248,ORD-013411,B0TBF17EBH,1,2025-12-27,wrong item,resellable
RET-002249,ORD-013415,VH-1102,1,2025-12-02,changed mind,resellable
RET-002250,ORD-013422,VH-1053,1,2025-11-19,wrong item,damaged
RET-002251,ORD-013425,B0PFWXAFNA,3,2025-11-22,changed mind,resellable
RET-002252,ORD-013435,B0PSBKCKDF,1,2025-12-05,arrived damaged,damaged
RET-002253,ORD-013439,bamboo_grill_pan  ,1,2025-11-22,changed mind,resellable
RET-002254,ORD-013444,VH-1027,1,2025-12-16,wrong item,resellable
RET-002255,ORD-013450,B0TBF17EBH,2,2025-12-03,not as described,opened
RET-002256,ORD-013455,B0S1ZHPN2M,1,2025-11-25,no longer needed,resellable
RET-002257,ORD-013459,VH-1053,1,2025-11-27,changed mind,resellable
RET-002258,ORD-013460,B0HK5F3DG1,1,2025-11-17,arrived damaged,opened
RET-002259,ORD-013460,B0KT4D60ZK,1,2025-12-21,changed mind,resellable
RET-002260,ORD-013468,VH-1060,1,2025-11-15,wrong item,damaged
RET-002261,ORD-013473,B0TE7M6JWU,1,2025-11-24,not as described,resellable
RET-002262,ORD-013478,B04FTSGMDD,1,2025-12-13,changed mind,resellable
RET-002263,ORD-013480,B09VH9SRSS,1,2025-12-16,changed mind,opened
RET-002264,ORD-013481,B0CZC3PXCW,1,2025-11-24,no longer needed,opened
RET-002265,ORD-013488,VH-1053,1,2025-12-05,changed mind,resellable
RET-002266,ORD-013496,B0TBF17EBH,1,2025-11-17,changed mind,resellable
RET-002267,ORD-013502,ceramic dinnr set 12 piece ,1,2025-12-05,not as described,resellable
RET-002268,ORD-013503,B00RADH5S3,1,2025-12-22,arrived damaged,damaged
RET-002269,ORD-013512, melamine_muffin_tray  ,1,2025-11-23,changed mind,opened
RET-002270,ORD-013513,ceramic dinnr set 12 piece  ,1,2025-12-18,changed mind,opened
RET-002271,ORD-013517,copper_mug_set  ,1,2025-11-29,no longer needed,resellable
RET-002272,ORD-013518,B00RADH5S3,1,2025-11-22,quality issue,opened
RET-002273,ORD-013520,B0W5BH9XZQ,1,2025-11-28,arrived damaged,damaged
RET-002274,ORD-013521,B03RU2WGG5,1,2025-12-04,not as described,opened
RET-002275,ORD-013536,VH-1023,1,2025-11-21,changed mind,opened
RET-002276,ORD-013537, ceratablrunn ,1,2026-01-15,no longer needed,resellable
RET-002277,ORD-013538,B0WXUN8SX9,1,2025-12-05,no longer needed,opened
RET-002278,ORD-013547,staisteestanmixe  ,1,2025-12-05,arrived damaged,opened
RET-002279,ORD-013554,B0PLGQ0WUW,1,2025-11-14,quality issue,resellable
RET-002280,ORD-013566,B0GKVZ8140,1,2025-12-31,changed mind,resellable
RET-002281,ORD-013583, marble_placemat_set ,2,2025-12-05,quality issue,damaged
RET-002282,ORD-013592,B0JJCQQ73Q,1,2025-12-23,arrived damaged,damaged
RET-002283,ORD-013604,B0TBF17EBH,1,2025-12-31,quality issue,opened
RET-002284,ORD-013606,B0Z7JH8CX7,1,2025-11-17,not as described,opened
RET-002285,ORD-013621,B0WXUN8SX9,1,2025-12-21,changed mind,resellable
RET-002286,ORD-013625,VH-1083,1,2025-11-25,changed mind,resellable
RET-002287,ORD-013653,B0FBSP8LCU,1,2026-01-02,changed mind,resellable
RET-002288,ORD-013654,B0TRA8NLKK,1,2025-11-03,changed mind,resellable
RET-002289,ORD-013662,B00RADH5S3,1,2025-12-18,quality issue,damaged
RET-002290,ORD-013670, borosilicate-grill-pan  ,1,2025-12-03,not as described,damaged
RET-002291,ORD-013674,B07YF2T8JE,1,2025-12-09,arrived damaged,damaged
RET-002292,ORD-013676,B0WXUN8SX9,1,2025-12-02,not as described,resellable
RET-002293,ORD-013680,B0WXUN8SX9,1,2025-11-22,quality issue,resellable
RET-002294,ORD-013704,B0TE7M6JWU,1,2026-01-28,no longer needed,resellable
RET-002295,ORD-013712,B0U862BR2Y,1,2025-12-06,not as described,resellable
RET-002296,ORD-013728,B0XVBEPU7E,1,2025-12-03,changed mind,opened
RET-002297,ORD-013741,B06TDAT9ZQ,1,2025-12-14,changed mind,resellable
RET-002298,ORD-013748,VH-1057,1,2025-11-28,quality issue,opened
RET-002299,ORD-013753, acacsauc ,1,2025-11-26,changed mind,resellable
RET-002300,ORD-013759,B0TBXU1FDC,1,2025-12-29,not as described,opened
RET-002301,ORD-013759,B0QRL5NZ0E,1,2025-12-03,not as described,resellable
RET-002302,ORD-013760,B0TE7M6JWU,1,2025-12-09,arrived damaged,opened
RET-002303,ORD-013762,B044FDSE6A,1,2025-11-29,no longer needed,resellable
RET-002304,ORD-013764,B0WXUN8SX9,1,2025-12-09,no longer needed,resellable
RET-002305,ORD-013766,B00RADH5S3,1,2025-12-03,changed mind,resellable
RET-002306,ORD-013772,B0WXUN8SX9,1,2025-11-26,changed mind,resellable
RET-002307,ORD-013776,VH-1096,1,2025-11-29,wrong item,resellable
RET-002308,ORD-013778,B0KWHTZDZV,1,2025-11-23,wrong item,opened
RET-002309,ORD-013780,B0WXUN8SX9,1,2025-12-19,arrived damaged,damaged
RET-002310,ORD-013781,B0WXUN8SX9,1,2025-12-27,wrong item,resellable
RET-002311,ORD-013782,B0WXUN8SX9,1,2025-11-09,wrong item,resellable
RET-002312,ORD-013790,staisteestanmixe  ,1,2025-12-01,not as described,opened
RET-002313,ORD-013793,B0WXUN8SX9,1,2025-11-28,changed mind,resellable
RET-002314,ORD-013803,B02ZXK0X7U,1,2026-01-16,changed mind,resellable
RET-002315,ORD-013805,B0WXUN8SX9,1,2025-11-21,changed mind,resellable
RET-002316,ORD-013807,B0L1F47G91,1,2025-12-21,changed mind,resellable
RET-002317,ORD-013807,B0DF2MFPCY,1,2025-11-10,changed mind,resellable
RET-002318,ORD-013813,B09VH9SRSS,1,2025-12-04,no longer needed,resellable
RET-002319,ORD-013818,B0WXUN8SX9,1,2025-11-29,quality issue,opened
RET-002320,ORD-013824,B0R3PJRMZ0,1,2025-12-01,not as described,resellable
RET-002321,ORD-013824,B04Z01TQC9,1,2025-12-16,changed mind,resellable
RET-002322,ORD-013824,B03RU2WGG5,1,2025-12-14,arrived damaged,damaged
RET-002323,ORD-013828,B07YF2T8JE,1,2025-12-09,quality issue,damaged
RET-002324,ORD-013838,B0FBSP8LCU,1,2025-12-20,no longer needed,resellable
RET-002325,ORD-013841,B0S1TJJESE,1,2025-12-14,quality issue,damaged
RET-002326,ORD-013843,B0PFWXAFNA,1,2025-11-28,quality issue,damaged
RET-002327,ORD-013845,B01J3QMR6K,1,2025-12-15,arrived damaged,damaged
RET-002328,ORD-013851,B07LLE55WZ,1,2025-11-18,wrong item,opened
RET-002329,ORD-013859,B07LLE55WZ,1,2025-11-17,wrong item,damaged
RET-002330,ORD-013864,VH-1057,1,2025-12-17,quality issue,resellable
RET-002331,ORD-013869,B0PLGQ0WUW,1,2025-11-17,changed mind,opened
RET-002332,ORD-013873, melamine-tumbler-set  ,1,2025-12-07,arrived damaged,damaged
RET-002333,ORD-013875,B0TBXU1FDC,1,2025-11-19,changed mind,resellable
RET-002334,ORD-013878,B01N7NW7US,1,2026-01-13,quality issue,opened
RET-002335,ORD-013880,B0RXXN9M2M,1,2025-11-22,quality issue,opened
RET-002336,ORD-013888,B0R6SMCWAT,1,2025-12-13,not as described,damaged
RET-002337,ORD-013891,B01J3QMR6K,1,2025-12-15,changed mind,opened
RET-002338,ORD-013899,B0PB2ANK9N,1,2025-11-12,changed mind,opened
RET-002339,ORD-013902,B01V4ZLB05,1,2025-11-28,no longer needed,resellable
RET-002340,ORD-013907,B0BW9EFX8S,1,2025-12-17,changed mind,resellable
RET-002341,ORD-013913,staisteestanmixe ,1,2025-11-24,not as described,resellable
RET-002342,ORD-013915,ceramic dinnr set 12 piece  ,2,2025-12-02,not as described,damaged
RET-002343,ORD-013929,B00710SNJ5,1,2025-12-01,quality issue,opened
RET-002344,ORD-013930, staisteestanmixe ,1,2025-12-19,no longer needed,opened
RET-002345,ORD-013932,VH-1104,1,2025-11-13,changed mind,resellable
RET-002346,ORD-013942,B0WXUN8SX9,1,2025-11-30,wrong item,resellable
RET-002347,ORD-013943,VH-1087,2,2025-12-25,wrong item,opened
RET-002348,ORD-013947,B0L1F47G91,1,2026-01-14,changed mind,resellable
RET-002349,ORD-013955,B09Q1GC9N5,1,2025-12-04,wrong item,opened
RET-002350,ORD-013973,B0NNFJVLCD,1,2025-12-03,no longer needed,resellable
RET-002351,ORD-013980,B0TBF17EBH,1,2025-12-10,not as described,opened
RET-002352,ORD-013982,B06TDAT9ZQ,1,2025-11-14,changed mind,opened
RET-002353,ORD-013988,B0S1ZHPN2M,1,2025-11-16,arrived damaged,damaged
RET-002354,ORD-013998,VH-1001,1,2025-12-18,no longer needed,opened
RET-002355,ORD-014007,vh cast iron grill pan  ,1,2025-12-16,changed mind,opened
RET-002356,ORD-014018,melamine-mug-set ,1,2025-11-14,no longer needed,opened
RET-002357,ORD-014040,VH-1057,2,2025-12-23,changed mind,resellable
RET-002358,ORD-014068,B0GKGBFV52,1,2025-12-18,not as described,opened
RET-002359,ORD-014069,borosilicate-food-chopper  ,1,2025-12-22,wrong item,resellable
RET-002360,ORD-014071,B0XS5B40FN,1,2026-01-17,no longer needed,resellable
RET-002361,ORD-014076,B0WXUN8SX9,1,2026-01-10,quality issue,damaged
RET-002362,ORD-014081,B0KT4D60ZK,1,2025-12-29,no longer needed,resellable
RET-002363,ORD-014086,B0NTQBZ4V2,1,2025-12-27,not as described,opened
RET-002364,ORD-014094,VH-1087,1,2025-12-12,changed mind,resellable
RET-002365,ORD-014095,B0GKGBFV52,1,2026-01-15,not as described,opened
RET-002366,ORD-014097,B0WXUN8SX9,1,2025-12-07,changed mind,opened
RET-002367,ORD-014100,B0FBSP8LCU,1,2026-01-10,not as described,opened
RET-002368,ORD-014101,B0QRA7AREC,1,2025-12-30,quality issue,opened
RET-002369,ORD-014103,VH-1111,1,2026-01-04,arrived damaged,damaged
RET-002370,ORD-014105,B01FSLB5Q7,1,2026-01-06,arrived damaged,resellable
RET-002371,ORD-014108,VH-1119,1,2025-12-22,no longer needed,resellable
RET-002372,ORD-014110,B00E7ZCXW5,1,2025-12-21,changed mind,resellable
RET-002373,ORD-014113,B0DUGKZEZ8,1,2025-12-23,quality issue,opened
RET-002374,ORD-014115,B0TBF17EBH,1,2026-01-11,not as described,resellable
RET-002375,ORD-014124,B00RADH5S3,1,2026-01-02,wrong item,resellable
RET-002376,ORD-014125,VH-1025,1,2026-02-12,not as described,resellable
RET-002377,ORD-014132,B0XLHGCJNR,1,2026-02-13,changed mind,resellable
RET-002378,ORD-014147, vh acacia platter  ,1,2025-12-08,changed mind,resellable
RET-002379,ORD-014159,B0W3L9K2TT,3,2025-12-18,changed mind,resellable
RET-002380,ORD-014163,B0WXUN8SX9,1,2026-01-02,quality issue,opened
RET-002381,ORD-014171,B0WXUN8SX9,1,2025-12-09,no longer needed,resellable
RET-002382,ORD-014181,B0WXUN8SX9,1,2025-12-28,quality issue,damaged
RET-002383,ORD-014185,B00H6QEFH6,1,2025-12-29,no longer needed,resellable
RET-002384,ORD-014187,vh bamboo turner ,1,2026-01-13,changed mind,resellable
RET-002385,ORD-014210,B077TNVM8B,2,2026-01-03,no longer needed,resellable
RET-002386,ORD-014217,B00RADH5S3,1,2026-01-08,arrived damaged,damaged
RET-002387,ORD-014247,B0NTQBZ4V2,1,2025-12-15,changed mind,resellable
RET-002388,ORD-014253,B00RADH5S3,1,2026-01-02,no longer needed,resellable
RET-002389,ORD-014254,B0QFTM3WML,1,2026-01-09,arrived damaged,damaged
RET-002390,ORD-014256,B00RADH5S3,1,2026-01-29,changed mind,resellable
RET-002391,ORD-014283,B06TDAT9ZQ,1,2025-12-23,quality issue,opened
RET-002392,ORD-014283,B0XLHGCJNR,1,2026-01-02,no longer needed,resellable
RET-002393,ORD-014287,B09VH9SRSS,1,2025-12-27,arrived damaged,damaged
RET-002394,ORD-014290,B0ZQ6DWCXF,1,2025-12-27,not as described,resellable
RET-002395,ORD-014300,cast-iron-electric-kettle ,1,2026-01-07,changed mind,resellable
RET-002396,ORD-014301,B0GKGBFV52,1,2026-02-13,quality issue,damaged
RET-002397,ORD-014302,B0FBSP8LCU,1,2026-01-10,arrived damaged,damaged
RET-002398,ORD-014307,B0KT4D60ZK,1,2026-01-01,changed mind,resellable
RET-002399,ORD-014318,VH-1113,1,2025-12-04,arrived damaged,damaged
RET-002400,ORD-014330,B0TBF17EBH,1,2026-01-11,arrived damaged,damaged
RET-002401,ORD-014333,B0WXUN8SX9,1,2026-01-04,changed mind,resellable
RET-002402,ORD-014342,B0WXUN8SX9,1,2026-01-04,no longer needed,resellable
RET-002403,ORD-014348, bamboo-serving-spoon  ,1,2025-12-24,changed mind,resellable
RET-002404,ORD-014353,B0ZM4P1CPY,1,2026-02-12,wrong item,damaged
RET-002405,ORD-014354,marble-pantry-box ,1,2026-01-12,no longer needed,resellable
RET-002406,ORD-014355,B00RADH5S3,2,2025-12-27,no longer needed,opened
RET-002407,ORD-014355,B0L1F47G91,2,2026-01-06,wrong item,resellable
RET-002408,ORD-014363,B0WXUN8SX9,2,2025-12-15,no longer needed,resellable
RET-002409,ORD-014365,B0GQ0AUTHT,1,2025-12-15,changed mind,opened
RET-002410,ORD-014385,B0GKGBFV52,2,2025-12-22,no longer needed,resellable
RET-002411,ORD-014387,B0NTQBZ4V2,1,2025-12-26,changed mind,resellable
RET-002412,ORD-014388,B0R6SMCWAT,1,2025-12-24,changed mind,resellable
RET-002413,ORD-014394,VH-1053,1,2026-01-07,not as described,opened
RET-002414,ORD-014424,VH-1087,1,2026-01-20,wrong item,opened
RET-002415,ORD-014445,B06TDAT9ZQ,1,2025-12-28,changed mind,resellable
RET-002416,ORD-014451,B0W3L9K2TT,1,2025-12-30,changed mind,opened
RET-002417,ORD-014452,B0NNFJVLCD,1,2025-12-27,changed mind,opened
RET-002418,ORD-014452,B00E7ZCXW5,4,2025-12-14,wrong item,resellable
RET-002419,ORD-014455,VH-1025,4,2025-12-29,arrived damaged,damaged
RET-002420,ORD-014457,B0PLGQ0WUW,1,2025-12-21,no longer needed,resellable
RET-002421,ORD-014459,B0W8N8XWYK,3,2025-12-14,not as described,damaged
RET-002422,ORD-014463,B01N7NW7US,1,2026-01-02,changed mind,resellable
RET-002423,ORD-014466,VH-1024,1,2025-12-13,not as described,opened
RET-002424,ORD-014468,B0TRA8NLKK,1,2025-12-23,no longer needed,opened
RET-002425,ORD-014483,VH-1108,2,2025-12-24,not as described,resellable
RET-002426,ORD-014493,B0WXUN8SX9,1,2026-01-05,arrived damaged,damaged
RET-002427,ORD-014497,borosilicte turner ,1,2026-01-06,changed mind,resellable
RET-002428,ORD-014508,B0X3KCJPGM,1,2026-02-04,quality issue,opened
RET-002429,ORD-014510,B0WXUN8SX9,1,2026-01-06,not as described,opened
RET-002430,ORD-014513,B0DUGKZEZ8,2,2026-01-13,not as described,opened
RET-002431,ORD-014519,B0TE7M6JWU,1,2025-12-22,arrived damaged,damaged
RET-002432,ORD-014519,B0WXUN8SX9,1,2025-12-27,changed mind,resellable
RET-002433,ORD-014519,B06RJSMPSQ,1,2026-01-11,arrived damaged,resellable
RET-002434,ORD-014520,VH-1083,1,2025-12-29,quality issue,resellable
RET-002435,ORD-014521,B0PFWXAFNA,1,2025-12-31,arrived damaged,damaged
RET-002436,ORD-014524,B0KT4D60ZK,2,2026-01-05,quality issue,opened
RET-002437,ORD-014526, ceramic dinnr set 12 piece ,1,2025-12-31,not as described,resellable
RET-002438,ORD-014528,B044FDSE6A,1,2026-01-02,changed mind,opened
RET-002439,ORD-014529,B08XCQ8NA9,1,2025-12-30,no longer needed,resellable
RET-002440,ORD-014529,B07LLE55WZ,1,2026-01-03,changed mind,resellable
RET-002441,ORD-014536,B07LLE55WZ,1,2025-12-28,not as described,opened
RET-002442,ORD-014542,B0NUXWWTXM,1,2026-01-04,quality issue,damaged
RET-002443,ORD-014545,VH-1063,1,2026-01-18,quality issue,opened
RET-002444,ORD-014552,B0WXUN8SX9,1,2026-01-14,changed mind,resellable
RET-002445,ORD-014555,B00RADH5S3,2,2025-12-23,changed mind,resellable
RET-002446,ORD-014555,B0PLGQ0WUW,1,2026-01-13,changed mind,resellable
RET-002447,ORD-014561,VH-1088,1,2025-12-31,wrong item,opened
RET-002448,ORD-014565,B0TBF17EBH,1,2026-01-03,arrived damaged,damaged
RET-002449,ORD-014569,B00E7ZCXW5,1,2026-01-04,no longer needed,opened
RET-002450,ORD-014577,VH-1053,1,2026-01-06,arrived damaged,damaged
RET-002451,ORD-014580,B04FTSGMDD,1,2026-01-25,changed mind,opened
RET-002452,ORD-014600,B0TBF17EBH,1,2026-01-15,arrived damaged,damaged
RET-002453,ORD-014602,B0CZC3PXCW,3,2026-01-06,not as described,resellable
RET-002454,ORD-014604,VH-1012,1,2025-12-13,no longer needed,resellable
RET-002455,ORD-014619,B07LLE55WZ,1,2025-12-10,not as described,damaged
RET-002456,ORD-014628,B00710SNJ5,2,2025-12-07,arrived damaged,damaged
RET-002457,ORD-014629,VH-1070,1,2025-12-21,not as described,resellable
RET-002458,ORD-014633,B0WXUN8SX9,2,2026-01-13,changed mind,resellable
RET-002459,ORD-014637,B0TRA8NLKK,1,2026-02-05,not as described,damaged
RET-002460,ORD-014646,B0TBF17EBH,1,2026-02-01,changed mind,damaged
RET-002461,ORD-014650,B0W8N8XWYK,2,2025-12-17,arrived damaged,damaged
RET-002462,ORD-014653,B00RADH5S3,1,2026-01-05,wrong item,opened
RET-002463,ORD-014659,VH-1024,1,2026-01-22,quality issue,damaged
RET-002464,ORD-014675,B0YMGZD1WQ,1,2026-01-12,not as described,opened
RET-002465,ORD-014681,VH-1050,1,2026-01-09,changed mind,damaged
RET-002466,ORD-014683, ceraplacset ,1,2025-12-22,not as described,damaged
RET-002467,ORD-014686,B0PFWXAFNA,1,2026-01-29,wrong item,opened
RET-002468,ORD-014703,B0DUGKZEZ8,1,2026-01-01,quality issue,damaged
RET-002469,ORD-014705,VH-1081,1,2026-01-18,changed mind,opened
RET-002470,ORD-014706,B0WXUN8SX9,1,2026-01-03,changed mind,resellable
RET-002471,ORD-014712,vh cast iron grill pan  ,1,2026-01-05,wrong item,opened
RET-002472,ORD-014716,VH-1057,1,2025-12-21,no longer needed,damaged
RET-002473,ORD-014722,B0WXUN8SX9,1,2026-01-08,wrong item,damaged
RET-002474,ORD-014741,B0CZC3PXCW,1,2025-12-25,arrived damaged,damaged
RET-002475,ORD-014746,VH-1019,2,2025-12-14,changed mind,resellable
RET-002476,ORD-014760,B0HK5F3DG1,1,2026-01-07,changed mind,resellable
RET-002477,ORD-014762,B0TBF17EBH,3,2025-12-16,quality issue,opened
RET-002478,ORD-014763,B0WXUN8SX9,1,2025-12-23,quality issue,opened
RET-002479,ORD-014775,B0FBSP8LCU,1,2026-01-01,wrong item,opened
RET-002480,ORD-014781,B00RADH5S3,1,2026-01-01,changed mind,resellable
RET-002481,ORD-014783,B0GKGBFV52,1,2026-01-17,arrived damaged,damaged
RET-002482,ORD-014789,VH-1096,1,2025-12-24,changed mind,opened
RET-002483,ORD-014795,B0BW9EFX8S,1,2026-02-03,quality issue,resellable
RET-002484,ORD-014804,B0L1F47G91,1,2025-12-25,not as described,opened
RET-002485,ORD-014805,B0R3PJRMZ0,1,2025-12-19,changed mind,resellable
RET-002486,ORD-014805,B04FTSGMDD,1,2026-01-16,no longer needed,damaged
RET-002487,ORD-014808,B00RADH5S3,1,2025-12-22,not as described,resellable
RET-002488,ORD-014813,VH-1001,1,2026-01-08,not as described,damaged
RET-002489,ORD-014816,B0YZNEKZT7,1,2025-12-28,arrived damaged,opened
RET-002490,ORD-014828,B0XS5B40FN,1,2025-12-28,changed mind,opened
RET-002491,ORD-014834,stneware grill pan ,3,2026-01-07,changed mind,resellable
RET-002492,ORD-014842,B00RADH5S3,1,2025-12-22,no longer needed,resellable
RET-002493,ORD-014851,B0G9FTWQ6C,1,2026-01-12,quality issue,opened
RET-002494,ORD-014867, cast irn casserole 5l ,1,2026-01-13,changed mind,resellable
RET-002495,ORD-014886,B06RJSMPSQ,1,2025-12-19,not as described,resellable
RET-002496,ORD-014891,B0TBF17EBH,1,2026-02-14,not as described,opened
RET-002497,ORD-014891,B0WXUN8SX9,1,2026-01-10,arrived damaged,damaged
RET-002498,ORD-014898,B0WXUN8SX9,1,2025-12-25,arrived damaged,damaged
RET-002499,ORD-014899,B01FSLB5Q7,2,2026-01-05,arrived damaged,damaged
RET-002500,ORD-014901,VH-1104,1,2026-01-06,not as described,resellable
RET-002501,ORD-014905,B0TBF17EBH,1,2026-01-15,arrived damaged,damaged
RET-002502,ORD-014908,B0QRL5NZ0E,1,2025-12-26,no longer needed,resellable
RET-002503,ORD-014911,B0HGZ5AHB5,1,2026-01-20,changed mind,resellable
RET-002504,ORD-014928,B0LZTYNZMM,1,2026-01-07,changed mind,resellable
RET-002505,ORD-014932,B0GKGBFV52,1,2025-12-10,no longer needed,resellable
RET-002506,ORD-014938,B0XLHGCJNR,1,2026-01-05,quality issue,opened
RET-002507,ORD-014951, melamine saucpan ,1,2026-01-20,changed mind,resellable
RET-002508,ORD-014962,B0PFWXAFNA,1,2025-12-23,changed mind,resellable
RET-002509,ORD-014985,staisteestanmixe  ,1,2026-01-29,no longer needed,opened
RET-002510,ORD-014988, enamel elecric kettle ,1,2025-12-25,changed mind,resellable
RET-002511,ORD-014994,B0BW9EFX8S,1,2025-12-11,changed mind,opened
RET-002512,ORD-014996,B0EAVD8CJ8,1,2025-12-14,quality issue,opened
RET-002513,ORD-014999,B00RADH5S3,2,2026-01-08,changed mind,resellable
RET-002514,ORD-015026,VH-1053,1,2025-12-31,changed mind,resellable
RET-002515,ORD-015031,B0WXUN8SX9,1,2026-01-01,quality issue,opened
RET-002516,ORD-015041,B0WXUN8SX9,1,2025-12-25,not as described,opened
RET-002517,ORD-015054,B0YH2UG55T,1,2026-01-05,changed mind,resellable
RET-002518,ORD-015062,VH-1009,1,2025-12-31,changed mind,resellable
RET-002519,ORD-015086,VH-1023,1,2026-01-13,wrong item,opened
RET-002520,ORD-015087,B0WXUN8SX9,1,2026-01-07,changed mind,opened
RET-002521,ORD-015097,B00RADH5S3,1,2026-01-23,arrived damaged,damaged
RET-002522,ORD-015101,B0M5P2CY7D,1,2025-12-26,quality issue,damaged
RET-002523,ORD-015102,B0N0SG1LUL,1,2025-12-22,not as described,opened
RET-002524,ORD-015103,B0PLGQ0WUW,1,2026-01-09,wrong item,resellable
RET-002525,ORD-015111,B0W3L9K2TT,1,2026-01-21,not as described,resellable
RET-002526,ORD-015115,VH-1057,1,2026-01-01,changed mind,resellable
RET-002527,ORD-015119,B0HGZ5AHB5,1,2026-01-25,not as described,opened
RET-002528,ORD-015127,stoneware_loaf_tin  ,1,2026-01-19,changed mind,damaged
RET-002529,ORD-015130,B0TBF17EBH,1,2025-12-31,changed mind,opened
RET-002530,ORD-015135,B0GQ0AUTHT,1,2025-12-11,changed mind,resellable
RET-002531,ORD-015146,B01J3QMR6K,1,2026-01-12,changed mind,opened
RET-002532,ORD-015152,B044FDSE6A,1,2026-01-17,no longer needed,resellable
RET-002533,ORD-015152,B0QBC8YR1R,1,2026-01-08,arrived damaged,damaged
RET-002534,ORD-015179,B07YF2T8JE,1,2025-12-21,changed mind,resellable
RET-002535,ORD-015179,B0WXUN8SX9,1,2025-12-25,no longer needed,resellable
RET-002536,ORD-015179,B0CVL56XRT,1,2025-12-28,not as described,damaged
RET-002537,ORD-015202, vh stainless steel muffin tray  ,1,2026-01-03,changed mind,resellable
RET-002538,ORD-015203,B0KWHTZDZV,3,2026-01-08,arrived damaged,opened
RET-002539,ORD-015205,B09Q1GC9N5,1,2026-01-22,changed mind,resellable
RET-002540,ORD-015221,B0WXUN8SX9,1,2026-01-07,arrived damaged,damaged
RET-002541,ORD-015238,VH-1094,1,2025-12-30,changed mind,resellable
RET-002542,ORD-015241,VH-1102,1,2025-12-27,wrong item,resellable
RET-002543,ORD-015245,B04BS1RFN3,1,2025-12-06,not as described,resellable
RET-002544,ORD-015266,B044FDSE6A,1,2026-01-07,changed mind,resellable
RET-002545,ORD-015271,B0PLGQ0WUW,1,2026-01-25,changed mind,resellable
RET-002546,ORD-015288,B0PLGQ0WUW,1,2025-12-22,not as described,resellable
RET-002547,ORD-015303,B0NNFJVLCD,1,2026-01-21,changed mind,resellable
RET-002548,ORD-015312,B0U862BR2Y,1,2026-01-02,changed mind,resellable
RET-002549,ORD-015324,B00RADH5S3,1,2026-01-03,changed mind,resellable
RET-002550,ORD-015331,B0FBSP8LCU,1,2025-12-30,wrong item,opened
RET-002551,ORD-015334,B0TBF17EBH,1,2025-12-28,changed mind,opened
RET-002552,ORD-015337,B0WXUN8SX9,1,2026-01-15,no longer needed,opened
RET-002553,ORD-015340,VH-1019,1,2025-12-12,changed mind,resellable
RET-002554,ORD-015345,B0L1F47G91,1,2025-12-11,no longer needed,resellable
RET-002555,ORD-015347,B0WXUN8SX9,3,2026-02-02,wrong item,resellable
RET-002556,ORD-015355,B00LHXS3KS,1,2025-12-31,not as described,resellable
RET-002557,ORD-015357, ceramic salad owl  ,1,2025-12-29,not as described,opened
RET-002558,ORD-015363,B0XVBEPU7E,1,2025-12-18,changed mind,opened
RET-002559,ORD-015364,B0TBF17EBH,1,2025-12-29,changed mind,resellable
RET-002560,ORD-015370,stoneware mu set ,1,2026-01-05,not as described,damaged
RET-002561,ORD-015379,B00RADH5S3,1,2026-01-10,not as described,resellable
RET-002562,ORD-015380,vh enamel tumbler set  ,1,2025-12-17,quality issue,opened
RET-002563,ORD-015381,B04FTSGMDD,1,2025-12-09,arrived damaged,damaged
RET-002564,ORD-015385,B0BW9EFX8S,1,2026-01-01,wrong item,resellable
RET-002565,ORD-015394,B00RADH5S3,1,2025-12-10,changed mind,opened
RET-002566,ORD-015394,B0WXUN8SX9,1,2026-01-05,changed mind,resellable
RET-002567,ORD-015399,VH-1092,1,2026-01-12,changed mind,resellable
RET-002568,ORD-015406,B0WXUN8SX9,1,2026-01-20,changed mind,resellable
RET-002569,ORD-015409,B0FBSP8LCU,1,2026-01-03,changed mind,resellable
RET-002570,ORD-015417,B0HC6GKYNZ,1,2026-01-17,not as described,opened
RET-002571,ORD-015420,B0WXUN8SX9,1,2025-12-28,changed mind,opened
RET-002572,ORD-015425,B07LLE55WZ,1,2026-01-07,no longer needed,resellable
RET-002573,ORD-015426,B076GJU5HA,1,2025-12-13,changed mind,resellable
RET-002574,ORD-015435,B0R6SMCWAT,1,2026-01-18,not as described,resellable
RET-002575,ORD-015438,B00RADH5S3,1,2025-12-21,no longer needed,opened
RET-002576,ORD-015441,B0GQ0AUTHT,1,2026-01-13,not as described,resellable
RET-002577,ORD-015453, vh borosilicate spatula set ,1,2026-01-11,changed mind,resellable
RET-002578,ORD-015461,B00RADH5S3,1,2025-12-24,changed mind,opened
RET-002579,ORD-015463,B01N7NW7US,1,2025-12-06,not as described,resellable
RET-002580,ORD-015467,staisteestanmixe  ,2,2025-12-12,not as described,damaged
RET-002581,ORD-015476,cast-iron-casserole-5l ,1,2025-12-30,changed mind,resellable
RET-002582,ORD-015480,B0NNFJVLCD,1,2026-01-04,quality issue,damaged
RET-002583,ORD-015484,B0C7PHW57Y,2,2025-12-23,arrived damaged,damaged
RET-002584,ORD-015486,B0WXUN8SX9,1,2026-01-08,arrived damaged,damaged
RET-002585,ORD-015492,B0WXUN8SX9,1,2026-01-23,wrong item,opened
RET-002586,ORD-015496,VH-1042,1,2026-01-17,arrived damaged,damaged
RET-002587,ORD-015497,B00RADH5S3,1,2025-12-31,arrived damaged,opened
RET-002588,ORD-015500,staisteestanmixe ,1,2025-12-17,changed mind,opened
RET-002589,ORD-015510,B00RADH5S3,1,2026-01-28,changed mind,resellable
RET-002590,ORD-015515,B0PB2ANK9N,1,2026-02-12,changed mind,resellable
RET-002591,ORD-015520,VH-1081,1,2026-01-31,changed mind,opened
RET-002592,ORD-015532,B00RADH5S3,1,2026-01-24,changed mind,resellable
RET-002593,ORD-015534,VH-1063,1,2026-02-12,quality issue,damaged
RET-002594,ORD-015536,B04FTSGMDD,1,2026-02-12,not as described,resellable
RET-002595,ORD-015539,B0WXUN8SX9,2,2026-02-04,not as described,resellable
RET-002596,ORD-015549, oak placeat set  ,1,2026-01-19,no longer needed,resellable
RET-002597,ORD-015551,staisteestanmixe  ,1,2026-01-15,quality issue,damaged
RET-002598,ORD-015555,B00RADH5S3,1,2026-02-25,arrived damaged,damaged
RET-002599,ORD-015557,B0B1RBATAH,1,2026-01-08,not as described,resellable
RET-002600,ORD-015574,B0WXUN8SX9,1,2026-01-27,arrived damaged,damaged
RET-002601,ORD-015578,B077TNVM8B,1,2026-02-07,wrong item,damaged
RET-002602,ORD-015584,B0PLGQ0WUW,1,2026-01-19,changed mind,opened
RET-002603,ORD-015586,B0TE7M6JWU,1,2026-02-05,wrong item,resellable
RET-002604,ORD-015587, cast_iron_loaf_tin  ,1,2026-01-16,changed mind,opened
RET-002605,ORD-015588,B0WXUN8SX9,1,2026-02-02,no longer needed,opened
RET-002606,ORD-015596,ceramic dinnr set 12 piece  ,1,2026-01-14,changed mind,resellable
RET-002607,ORD-015597,B0QBC8YR1R,1,2026-03-03,arrived damaged,damaged
RET-002608,ORD-015609,B0R6SMCWAT,1,2026-02-02,wrong item,resellable
RET-002609,ORD-015613,B0DUGKZEZ8,1,2026-02-05,no longer needed,resellable
RET-002610,ORD-015616,B0GQ0AUTHT,1,2026-01-11,not as described,resellable
RET-002611,ORD-015627,B0JJCQQ73Q,1,2026-02-02,changed mind,resellable
RET-002612,ORD-015627,B0TBF17EBH,1,2026-02-01,changed mind,resellable
RET-002613,ORD-015630,B044FDSE6A,1,2026-02-28,arrived damaged,damaged
RET-002614,ORD-015638,VH-1012,1,2026-01-31,changed mind,resellable
RET-002615,ORD-015646,B0MT6315WC,1,2026-02-23,not as described,resellable
RET-002616,ORD-015647,VH-1052,1,2026-02-09,quality issue,opened
RET-002617,ORD-015650,B0TBF17EBH,1,2026-02-07,arrived damaged,damaged
RET-002618,ORD-015657,B0GQ0AUTHT,1,2026-02-16,not as described,opened
RET-002619,ORD-015685,B01J3QMR6K,1,2026-01-16,not as described,resellable
RET-002620,ORD-015687,cast irn casserole 5l  ,1,2026-01-26,changed mind,resellable
RET-002621,ORD-015689,B0WXUN8SX9,1,2026-01-26,quality issue,damaged
RET-002622,ORD-015692, stainless-steel-baking-sheet  ,1,2026-02-19,no longer needed,resellable
RET-002623,ORD-015698,B00H6QEFH6,1,2026-02-22,changed mind,resellable
RET-002624,ORD-015703, vh enamel tea towel set ,2,2026-01-24,arrived damaged,damaged
RET-002625,ORD-015704,B0GKGBFV52,1,2026-01-19,arrived damaged,opened
RET-002626,ORD-015723,B0TBF17EBH,1,2026-02-14,not as described,resellable
RET-002627,ORD-015725,B0KT4D60ZK,1,2026-01-26,changed mind,resellable
RET-002628,ORD-015728,VH-1025,1,2026-01-21,quality issue,damaged
RET-002629,ORD-015731,B0WXUN8SX9,1,2026-02-02,changed mind,resellable
RET-002630,ORD-015731,B0KWHTZDZV,2,2026-02-18,quality issue,opened
RET-002631,ORD-015737,B0WXUN8SX9,1,2026-01-22,changed mind,resellable
RET-002632,ORD-015741,B0WXUN8SX9,1,2026-01-30,quality issue,opened
RET-002633,ORD-015742,ceratablrunn  ,1,2026-02-03,not as described,resellable
RET-002634,ORD-015747,VH-1113,1,2026-01-22,wrong item,resellable
RET-002635,ORD-015749,B0N0SG1LUL,1,2026-03-08,not as described,resellable
RET-002636,ORD-015752, enamel elecric kettle ,1,2026-01-18,quality issue,damaged
RET-002637,ORD-015753,B044FDSE6A,1,2026-02-07,quality issue,resellable
RET-002638,ORD-015761,B06TDAT9ZQ,1,2026-02-03,no longer needed,resellable
RET-002639,ORD-015771,VH-1096,1,2026-02-09,changed mind,resellable
RET-002640,ORD-015773,B0AH374DW8,1,2026-02-21,quality issue,damaged
RET-002641,ORD-015792,B0WXUN8SX9,1,2026-01-21,wrong item,opened
RET-002642,ORD-015815,B00RADH5S3,1,2026-02-10,quality issue,opened
RET-002643,ORD-015816,B0HC6GKYNZ,1,2026-02-25,quality issue,resellable
RET-002644,ORD-015818,B00RADH5S3,1,2026-02-12,changed mind,resellable
RET-002645,ORD-015818,B0WXUN8SX9,2,2026-03-05,not as described,resellable
RET-002646,ORD-015826,B0GQ0AUTHT,2,2026-01-29,not as described,resellable
RET-002647,ORD-015829,B0R3PJRMZ0,1,2026-02-10,changed mind,resellable
RET-002648,ORD-015831,VH-1087,1,2026-01-09,changed mind,resellable
RET-002649,ORD-015835,B07LLE55WZ,1,2026-01-10,changed mind,opened
RET-002650,ORD-015839,B077TNVM8B,1,2026-01-30,not as described,resellable
RET-002651,ORD-015843,VH-1025,1,2026-01-06,arrived damaged,opened
RET-002652,ORD-015846,B00RADH5S3,1,2026-01-26,no longer needed,opened
RET-002653,ORD-015854,B069P5PLP6,1,2026-02-05,quality issue,opened
RET-002654,ORD-015855,B0TBF17EBH,1,2026-02-10,no longer needed,resellable
RET-002655,ORD-015866,B0KT4D60ZK,1,2026-02-27,quality issue,opened
RET-002656,ORD-015868,slatsalabowl ,1,2026-02-04,changed mind,resellable
RET-002657,ORD-015868, acacia-dinner-plate-set ,2,2026-02-01,not as described,resellable
RET-002658,ORD-015872,VH-1040,1,2026-02-07,arrived damaged,damaged
RET-002659,ORD-015876,VH-1102,1,2026-03-03,no longer needed,opened
RET-002660,ORD-015879,B00E7ZCXW5,1,2026-01-21,changed mind,opened
RET-002661,ORD-015882,B0WXUN8SX9,2,2026-01-25,arrived damaged,damaged
RET-002662,ORD-015885,B06TDAT9ZQ,1,2026-01-24,arrived damaged,damaged
RET-002663,ORD-015895,B0NUXWWTXM,1,2026-02-03,changed mind,resellable
RET-002664,ORD-015898,B0WXUN8SX9,1,2026-02-02,quality issue,damaged
RET-002665,ORD-015900,B00E7ZCXW5,1,2026-01-24,arrived damaged,opened
RET-002666,ORD-015904,B0WXUN8SX9,1,2026-02-28,no longer needed,resellable
RET-002667,ORD-015905,B0XLHGCJNR,1,2026-02-26,not as described,resellable
RET-002668,ORD-015910,B0ET2TR1UZ,1,2026-01-20,not as described,damaged
RET-002669,ORD-015924,B0GKVZ8140,1,2026-03-12,not as described,opened
RET-002670,ORD-015925,B0SFE1R7XM,1,2026-02-05,changed mind,damaged
RET-002671,ORD-015931,B0WXUN8SX9,1,2026-02-01,no longer needed,damaged
RET-002672,ORD-015940,ceramic salad owl ,1,2026-01-13,changed mind,resellable
RET-002673,ORD-015952, staisteestanmixe  ,1,2026-01-27,not as described,resellable
RET-002674,ORD-015955,oak-mug-set ,1,2026-01-31,arrived damaged,damaged
RET-002675,ORD-015962,vh terracotta frying pan ,1,2026-03-01,changed mind,resellable
RET-002676,ORD-015964, borosilicate-food-chopper ,1,2026-02-22,quality issue,damaged
RET-002677,ORD-015965,VH-1032,1,2026-01-14,changed mind,resellable
RET-002678,ORD-015988,VH-1074,1,2026-02-09,changed mind,resellable
RET-002679,ORD-016001,B0C7PHW57Y,1,2026-02-01,no longer needed,resellable
RET-002680,ORD-016001,B0SFE1R7XM,1,2026-02-22,wrong item,opened
RET-002681,ORD-016002,B0G9FTWQ6C,1,2026-02-27,not as described,resellable
RET-002682,ORD-016005,B06AAM59LS,1,2026-02-26,not as described,opened
RET-002683,ORD-016008,B0HK5F3DG1,1,2026-02-17,no longer needed,opened
RET-002684,ORD-016009,B0R6SMCWAT,1,2026-02-11,changed mind,resellable
RET-002685,ORD-016011,VH-1108,1,2026-01-23,changed mind,resellable
RET-002686,ORD-016021,cast-iron-casserole-5l  ,1,2026-01-26,quality issue,opened
RET-002687,ORD-016040,B0QRA7AREC,1,2026-01-13,changed mind,opened
RET-002688,ORD-016066,B076GJU5HA,2,2026-01-20,not as described,opened
RET-002689,ORD-016073,VH-1044,1,2026-01-29,wrong item,opened
RET-002690,ORD-016074,borosilicate-dinner-plate-set  ,1,2026-02-10,quality issue,damaged
RET-002691,ORD-016077,B04Z01TQC9,1,2026-02-09,changed mind,resellable
RET-002692,ORD-016084,B0DUGKZEZ8,1,2026-02-18,not as described,resellable
RET-002693,ORD-016085,B0N0SG1LUL,1,2026-01-13,changed mind,resellable
RET-002694,ORD-016105,VH-1108,1,2026-01-22,no longer needed,resellable
RET-002695,ORD-016109,B0L1F47G91,1,2026-02-08,no longer needed,resellable
RET-002696,ORD-016137,B0QFTM3WML,2,2026-02-26,quality issue,damaged
RET-002697,ORD-016140, ceramic dinnr set 12 piece  ,2,2026-01-28,changed mind,resellable
RET-002698,ORD-016143,B00H6QEFH6,1,2026-02-16,changed mind,resellable
RET-002699,ORD-016145,B0WXUN8SX9,1,2026-02-05,changed mind,resellable
RET-002700,ORD-016153,B0QGLWA5EL,1,2026-03-02,wrong item,resellable
RET-002701,ORD-016154,B0QRA7AREC,1,2026-01-20,no longer needed,damaged
RET-002702,ORD-016157,B0TBF17EBH,1,2026-02-14,wrong item,opened
RET-002703,ORD-016160,B00RADH5S3,1,2026-01-22,not as described,opened
RET-002704,ORD-016173,B00710SNJ5,1,2026-02-02,not as described,resellable
RET-002705,ORD-016177,VH-1015,1,2026-01-26,no longer needed,opened
RET-002706,ORD-016180,B0WXUN8SX9,1,2026-02-28,no longer needed,resellable
RET-002707,ORD-016184,B0WXUN8SX9,1,2026-03-06,not as described,damaged
RET-002708,ORD-016188,B04BS1RFN3,1,2026-02-28,not as described,opened
RET-002709,ORD-016200,B0KWHTZDZV,1,2026-03-03,changed mind,resellable
RET-002710,ORD-016201,B0WXUN8SX9,1,2026-02-12,changed mind,resellable
RET-002711,ORD-016201,B07YF2T8JE,1,2026-02-25,no longer needed,opened
RET-002712,ORD-016206,VH-1015,1,2026-02-20,changed mind,opened
RET-002713,ORD-016208,B01FSLB5Q7,1,2026-03-13,changed mind,resellable
RET-002714,ORD-016209,B0ES9828ZD,1,2026-03-06,wrong item,resellable
RET-002715,ORD-016239,B00H6QEFH6,1,2026-02-27,no longer needed,resellable
RET-002716,ORD-016240,VH-1001,1,2026-02-25,arrived damaged,opened
RET-002717,ORD-016251,B0XVBEPU7E,1,2026-03-02,changed mind,opened
RET-002718,ORD-016262,B0V7R918GG,2,2026-03-20,arrived damaged,damaged
RET-002719,ORD-016270,B0NUXWWTXM,1,2026-03-01,changed mind,resellable
RET-002720,ORD-016275,B076GJU5HA,1,2026-02-06,not as described,resellable
RET-002721,ORD-016278,B0WXUN8SX9,1,2026-03-01,changed mind,resellable
RET-002722,ORD-016296,B01J3QMR6K,1,2026-03-04,no longer needed,resellable
RET-002723,ORD-016310,B00RADH5S3,1,2026-03-06,changed mind,resellable
RET-002724,ORD-016329, vh melamine turner ,2,2026-03-03,no longer needed,opened
RET-002725,ORD-016333, acacia_placemat_set  ,1,2026-03-09,changed mind,opened
RET-002726,ORD-016334,VH-1087,1,2026-03-29,arrived damaged,damaged
RET-002727,ORD-016365,B0WXUN8SX9,1,2026-04-10,changed mind,opened
RET-002728,ORD-016370,B0WXUN8SX9,1,2026-03-28,no longer needed,resellable
RET-002729,ORD-016380,VH-1101,1,2026-03-04,changed mind,opened
RET-002730,ORD-016381,B0PLGQ0WUW,1,2026-03-10,arrived damaged,damaged
RET-002731,ORD-016381,B0HBSCASKH,1,2026-03-10,not as described,resellable
RET-002732,ORD-016386,B0U862BR2Y,1,2026-02-27,arrived damaged,opened
RET-002733,ORD-016397,B0TBF17EBH,1,2026-03-11,not as described,resellable
RET-002734,ORD-016397,B0KT4D60ZK,1,2026-03-22,changed mind,opened
RET-002735,ORD-016415,B077TNVM8B,1,2026-03-03,quality issue,resellable
RET-002736,ORD-016421,B0ES9828ZD,1,2026-03-26,changed mind,resellable
RET-002737,ORD-016425,VH-1075,1,2026-03-24,no longer needed,resellable
RET-002738,ORD-016444, borosilicate-food-chopper  ,1,2026-02-07,changed mind,resellable
RET-002739,ORD-016453, stoeware serving board ,1,2026-03-05,changed mind,resellable
RET-002740,ORD-016454,B0WXUN8SX9,1,2026-03-05,quality issue,damaged
RET-002741,ORD-016466,VH-1081,1,2026-02-24,changed mind,resellable
RET-002742,ORD-016467,VH-1100,1,2026-02-15,quality issue,damaged
RET-002743,ORD-016467,VH-1017,1,2026-03-29,wrong item,resellable
RET-002744,ORD-016476,B00RADH5S3,1,2026-02-16,arrived damaged,damaged
RET-002745,ORD-016477,VH-1082,1,2026-02-10,wrong item,damaged
RET-002746,ORD-016488, vh stainless steel muffin tray  ,1,2026-03-01,no longer needed,resellable
RET-002747,ORD-016490,B0ZM4P1CPY,1,2026-03-07,no longer needed,resellable
RET-002748,ORD-016494,VH-1022,1,2026-02-28,arrived damaged,resellable
RET-002749,ORD-016498, vh stainless steel muffin tray  ,1,2026-03-04,changed mind,opened
RET-002750,ORD-016499,VH-1045,1,2026-02-22,no longer needed,resellable
RET-002751,ORD-016508,B0TBF17EBH,2,2026-04-19,no longer needed,resellable
RET-002752,ORD-016518,VH-1015,1,2026-02-17,changed mind,opened
RET-002753,ORD-016529,B0M5P2CY7D,1,2026-03-14,changed mind,opened
RET-002754,ORD-016530,vh enamel tumbler set ,1,2026-03-01,arrived damaged,damaged
RET-002755,ORD-016537,B0G9FTWQ6C,1,2026-03-21,wrong item,resellable
RET-002756,ORD-016550,B0TBF17EBH,1,2026-02-16,not as described,resellable
RET-002757,ORD-016555,vh acacia hand blender  ,1,2026-03-20,no longer needed,resellable
RET-002758,ORD-016557,VH-1073,1,2026-02-19,quality issue,damaged
RET-002759,ORD-016559,VH-1043,1,2026-03-10,changed mind,resellable
RET-002760,ORD-016582,B0WXUN8SX9,3,2026-02-22,not as described,opened
RET-002761,ORD-016584,B0TBF17EBH,1,2026-02-13,changed mind,opened
RET-002762,ORD-016584,B00RADH5S3,1,2026-02-27,changed mind,resellable
RET-002763,ORD-016587,B0R6SMCWAT,1,2026-03-12,no longer needed,resellable
RET-002764,ORD-016592,VH-1118,1,2026-02-20,not as described,resellable
RET-002765,ORD-016599,B0BW9EFX8S,1,2026-04-08,arrived damaged,damaged
RET-002766,ORD-016610,B04BS1RFN3,1,2026-02-19,changed mind,resellable
RET-002767,ORD-016631,B07BFW8H1T,1,2026-02-05,quality issue,opened
RET-002768,ORD-016634,VH-1106,1,2026-03-14,arrived damaged,damaged
RET-002769,ORD-016638,B0X3KCJPGM,1,2026-03-03,changed mind,resellable
RET-002770,ORD-016644,VH-1039,1,2026-02-13,wrong item,resellable
RET-002771,ORD-016649,borosilicate-food-chopper  ,1,2026-02-20,no longer needed,resellable
RET-002772,ORD-016669, marbplat ,4,2026-04-01,changed mind,resellable
RET-002773,ORD-016672,B0X3KCJPGM,1,2026-03-15,changed mind,resellable
RET-002774,ORD-016696,VH-1062,1,2026-03-19,quality issue,resellable
RET-002775,ORD-016702,B06TDAT9ZQ,1,2026-03-17,arrived damaged,damaged
RET-002776,ORD-016710, ceramic dinnr set 12 piece  ,1,2026-03-16,changed mind,resellable
RET-002777,ORD-016715,VH-1060,1,2026-02-28,changed mind,resellable
RET-002778,ORD-016722,B00E7ZCXW5,1,2026-03-03,arrived damaged,damaged
RET-002779,ORD-016730,B0L1F47G91,1,2026-02-22,wrong item,resellable
RET-002780,ORD-016731,B0MWLBXAJM,1,2026-02-14,changed mind,damaged
RET-002781,ORD-016733, terrapro  ,1,2026-02-22,changed mind,resellable
RET-002782,ORD-016739, vh acacia storage jar ,1,2026-02-19,quality issue,damaged
RET-002783,ORD-016741, borosilicate-grill-pan ,1,2026-04-04,not as described,opened
RET-002784,ORD-016742,B0NTQBZ4V2,1,2026-03-07,wrong item,opened
RET-002785,ORD-016743,B0LZTYNZMM,1,2026-02-20,not as described,resellable
RET-002786,ORD-016747, borocaniset  ,1,2026-03-05,quality issue,opened
RET-002787,ORD-016752,VH-1000,1,2026-02-25,changed mind,resellable
RET-002788,ORD-016763,VH-1103,1,2026-03-08,not as described,damaged
RET-002789,ORD-016769,B00E7ZCXW5,1,2026-02-10,wrong item,resellable
RET-002790,ORD-016775,VH-1024,1,2026-02-23,arrived damaged,damaged
RET-002791,ORD-016781,B0WXUN8SX9,1,2026-03-03,changed mind,opened
RET-002792,ORD-016784,B01J3QMR6K,1,2026-03-17,wrong item,resellable
RET-002793,ORD-016785,B0WXUN8SX9,1,2026-03-07,arrived damaged,damaged
RET-002794,ORD-016791,B0M5P2CY7D,1,2026-03-15,changed mind,resellable
RET-002795,ORD-016791,B0GKGBFV52,2,2026-03-01,changed mind,resellable
RET-002796,ORD-016799,B00RADH5S3,1,2026-03-14,not as described,opened
RET-002797,ORD-016804,B044FDSE6A,2,2026-03-02,not as described,damaged
RET-002798,ORD-016819,stoneware_loaf_tin ,1,2026-02-26,wrong item,resellable
RET-002799,ORD-016821,B0X3KCJPGM,1,2026-03-14,quality issue,opened
RET-002800,ORD-016842,B0TBF17EBH,1,2026-04-15,arrived damaged,damaged
RET-002801,ORD-016849,B0NTQBZ4V2,1,2026-03-02,no longer needed,resellable
RET-002802,ORD-016862,B0NNFJVLCD,1,2026-03-08,no longer needed,resellable
RET-002803,ORD-016863,B0HBSCASKH,1,2026-03-12,changed mind,resellable
RET-002804,ORD-016867,B0WXUN8SX9,1,2026-03-21,wrong item,resellable
RET-002805,ORD-016868,B00RADH5S3,1,2026-02-25,quality issue,damaged
RET-002806,ORD-016877,B0WXUN8SX9,1,2026-02-12,wrong item,resellable
RET-002807,ORD-016883,B0LZTYNZMM,1,2026-03-03,arrived damaged,damaged
RET-002808,ORD-016914,VH-1053,1,2026-02-23,quality issue,opened
RET-002809,ORD-016917,vh bamboo turner  ,1,2026-03-14,quality issue,opened
RET-002810,ORD-016918,B0WXUN8SX9,1,2026-03-16,not as described,opened
RET-002811,ORD-016919,B0WXUN8SX9,1,2026-03-20,arrived damaged,damaged
RET-002812,ORD-016922,B0KT4D60ZK,1,2026-03-09,changed mind,resellable
RET-002813,ORD-016947,B00RADH5S3,1,2026-03-15,changed mind,resellable
RET-002814,ORD-016949, marbplat ,1,2026-04-06,no longer needed,damaged
RET-002815,ORD-016961,B0N4R752V5,1,2026-04-07,arrived damaged,damaged
RET-002816,ORD-016963,VH-1035,1,2026-04-28,changed mind,damaged
RET-002817,ORD-016964,B06AAM59LS,1,2026-03-19,arrived damaged,damaged
RET-002818,ORD-016970,vh marble water bottle ,1,2026-04-15,not as described,resellable
RET-002819,ORD-016987,B00RADH5S3,1,2026-04-15,quality issue,opened
RET-002820,ORD-017001,VH-1053,1,2026-03-17,not as described,resellable
RET-002821,ORD-017017,B0NNFJVLCD,1,2026-03-30,wrong item,opened
RET-002822,ORD-017040,B00RADH5S3,1,2026-03-24,wrong item,opened
RET-002823,ORD-017043,B0WXUN8SX9,1,2026-03-23,no longer needed,damaged
RET-002824,ORD-017095,VH-1093,2,2026-04-05,quality issue,opened
RET-002825,ORD-017106,VH-1108,1,2026-04-16,not as described,opened
RET-002826,ORD-017110,B0C14B2M8L,1,2026-04-05,changed mind,resellable
RET-002827,ORD-017119,VH-1083,1,2026-04-22,changed mind,resellable
RET-002828,ORD-017126,B0YH2UG55T,1,2026-04-05,wrong item,opened
RET-002829,ORD-017128, vh enamel salad bowl  ,1,2026-03-27,not as described,opened
RET-002830,ORD-017134,VH-1007,1,2026-04-30,changed mind,resellable
RET-002831,ORD-017136,ceramic dinnr set 12 piece ,1,2026-03-25,quality issue,damaged
RET-002832,ORD-017142,B04BS1RFN3,1,2026-03-13,arrived damaged,damaged
RET-002833,ORD-017146, marble_placemat_set  ,1,2026-03-26,wrong item,resellable
RET-002834,ORD-017153,VH-1053,1,2026-03-07,not as described,resellable
RET-002835,ORD-017194,B00RADH5S3,1,2026-03-21,changed mind,resellable
RET-002836,ORD-017197,B0PFWXAFNA,1,2026-03-17,wrong item,resellable
RET-002837,ORD-017199,VH-1052,1,2026-03-31,changed mind,resellable
RET-002838,ORD-017216,B07YF2T8JE,1,2026-03-28,changed mind,resellable
RET-002839,ORD-017217,VH-1055,1,2026-04-02,no longer needed,resellable
RET-002840,ORD-017218,B0NNFJVLCD,1,2026-03-19,not as described,opened
RET-002841,ORD-017229,B0JJCQQ73Q,1,2026-04-29,no longer needed,resellable
RET-002842,ORD-017241,B0WXUN8SX9,1,2026-03-30,no longer needed,resellable
RET-002843,ORD-017242,B069P5PLP6,1,2026-04-20,no longer needed,resellable
RET-002844,ORD-017284,VH-1111,1,2026-03-21,changed mind,resellable
RET-002845,ORD-017292,B01J3QMR6K,1,2026-03-23,changed mind,resellable
RET-002846,ORD-017296,B00E7ZCXW5,1,2026-03-14,no longer needed,resellable
RET-002847,ORD-017303,B0WXUN8SX9,1,2026-04-15,no longer needed,resellable
RET-002848,ORD-017361,B04FTSGMDD,1,2026-03-30,changed mind,resellable
RET-002849,ORD-017377,B01FSLB5Q7,1,2026-03-19,changed mind,resellable
RET-002850,ORD-017385,B0WXUN8SX9,1,2026-05-13,changed mind,opened
RET-002851,ORD-017400,B07LLE55WZ,1,2026-05-08,not as described,resellable
RET-002852,ORD-017402,B0FBSP8LCU,1,2026-04-20,no longer needed,damaged
RET-002853,ORD-017406,B0C14B2M8L,1,2026-04-09,wrong item,resellable
RET-002854,ORD-017414,borosilicate_frying_pan ,1,2026-05-10,quality issue,damaged
RET-002855,ORD-017419,B0JJCQQ73Q,1,2026-03-11,not as described,resellable
RET-002856,ORD-017425,B02U1TMWTY,1,2026-04-05,arrived damaged,damaged
RET-002857,ORD-017428,terracotta_placemat_set  ,1,2026-03-18,not as described,opened
RET-002858,ORD-017440,B0JJCQQ73Q,1,2026-04-13,changed mind,resellable
RET-002859,ORD-017444,B0WXUN8SX9,1,2026-03-27,changed mind,opened
RET-002860,ORD-017445,B06TDAT9ZQ,2,2026-04-06,wrong item,resellable
RET-002861,ORD-017451,B0HC6GKYNZ,1,2026-03-25,arrived damaged,opened
RET-002862,ORD-017455,B03JL94SRB,1,2026-05-12,arrived damaged,damaged
RET-002863,ORD-017462,B0XLHGCJNR,1,2026-03-14,quality issue,damaged
RET-002864,ORD-017478,B00RADH5S3,1,2026-04-13,arrived damaged,damaged
RET-002865,ORD-017480,B0TE7M6JWU,1,2026-03-18,wrong item,resellable
RET-002866,ORD-017480,B0HGZ5AHB5,1,2026-03-22,quality issue,damaged
RET-002867,ORD-017482,B0PLGQ0WUW,1,2026-03-28,changed mind,opened
RET-002868,ORD-017490,B0QRA7AREC,1,2026-03-07,no longer needed,damaged
RET-002869,ORD-017497,B07YF2T8JE,1,2026-04-13,wrong item,resellable
RET-002870,ORD-017506,B0WXUN8SX9,1,2026-03-13,changed mind,opened
RET-002871,ORD-017511, cast-iron-electric-kettle ,1,2026-03-20,wrong item,resellable
RET-002872,ORD-017528, borosilicate-grill-pan  ,1,2026-05-09,not as described,opened
RET-002873,ORD-017536,VH-1077,2,2026-04-17,changed mind,resellable
RET-002874,ORD-017547,B0PLGQ0WUW,1,2026-03-23,no longer needed,resellable
RET-002875,ORD-017552,B04CU9MZTG,1,2026-04-02,arrived damaged,damaged
RET-002876,ORD-017555,stainless-steel-baking-sheet ,1,2026-04-01,wrong item,opened
RET-002877,ORD-017560,B0WXUN8SX9,1,2026-04-22,quality issue,damaged
RET-002878,ORD-017563,B0WXUN8SX9,2,2026-04-18,changed mind,resellable
RET-002879,ORD-017571,B0WXUN8SX9,1,2026-04-20,changed mind,opened
RET-002880,ORD-017574,VH-1027,1,2026-05-04,changed mind,resellable
RET-002881,ORD-017588,B00RADH5S3,2,2026-04-14,changed mind,damaged
RET-002882,ORD-017591,VH-1058,1,2026-04-12,quality issue,damaged
RET-002883,ORD-017596,B0QFTM3WML,1,2026-03-23,wrong item,resellable
RET-002884,ORD-017597,B0TBF17EBH,1,2026-04-08,changed mind,resellable
RET-002885,ORD-017606,B0WXUN8SX9,1,2026-05-30,changed mind,opened
RET-002886,ORD-017610,B00RADH5S3,1,2026-04-13,arrived damaged,damaged
RET-002887,ORD-017634,VH-1000,1,2026-04-08,arrived damaged,damaged
RET-002888,ORD-017639,B0QT3U9PL7,1,2026-04-27,wrong item,resellable
RET-002889,ORD-017653,B0TBF17EBH,1,2026-03-19,arrived damaged,damaged
RET-002890,ORD-017654,B0JJCQQ73Q,1,2026-04-15,changed mind,opened
RET-002891,ORD-017663,VH-1004,1,2026-03-25,not as described,damaged
RET-002892,ORD-017666,VH-1118,1,2026-04-13,changed mind,resellable
RET-002893,ORD-017667,B0XLHGCJNR,2,2026-05-06,arrived damaged,damaged
RET-002894,ORD-017667,B0SFE1R7XM,1,2026-04-03,wrong item,opened
RET-002895,ORD-017673,B0PLGQ0WUW,1,2026-03-31,no longer needed,resellable
RET-002896,ORD-017676,B00RADH5S3,1,2026-05-26,not as described,damaged
RET-002897,ORD-017677,B0WXUN8SX9,2,2026-04-05,no longer needed,resellable
RET-002898,ORD-017679,B0SFE1R7XM,1,2026-04-17,no longer needed,resellable
RET-002899,ORD-017685,cast-iron-casserole-5l  ,1,2026-04-18,wrong item,resellable
RET-002900,ORD-017687,B0PLGQ0WUW,1,2026-03-30,changed mind,resellable
RET-002901,ORD-017696,B0TBF17EBH,1,2026-03-29,quality issue,opened
RET-002902,ORD-017702,B0PFWXAFNA,1,2026-03-31,not as described,opened
RET-002903,ORD-017707,B0WXUN8SX9,1,2026-03-23,not as described,opened
RET-002904,ORD-017709,B0SFE1R7XM,1,2026-05-18,changed mind,resellable
RET-002905,ORD-017715,B0PLGQ0WUW,1,2026-05-08,changed mind,resellable
RET-002906,ORD-017718,B0TBF17EBH,1,2026-04-10,wrong item,resellable
RET-002907,ORD-017721, oak_salad_bowl ,1,2026-03-22,quality issue,opened
RET-002908,ORD-017723,B01N7NW7US,1,2026-03-26,arrived damaged,damaged
RET-002909,ORD-017725,VH-1024,3,2026-03-25,arrived damaged,damaged
RET-002910,ORD-017764,VH-1041,1,2026-03-31,wrong item,resellable
RET-002911,ORD-017765,B0VUBQ115M,1,2026-03-30,changed mind,resellable
RET-002912,ORD-017768,B0HK5F3DG1,1,2026-03-25,wrong item,resellable
RET-002913,ORD-017771,coppturn  ,1,2026-04-03,changed mind,resellable
RET-002914,ORD-017792,B0YMGZD1WQ,1,2026-04-24,no longer needed,resellable
RET-002915,ORD-017794,VH-1091,1,2026-05-03,changed mind,resellable
RET-002916,ORD-017799,B0WXUN8SX9,4,2026-05-05,changed mind,resellable
RET-002917,ORD-017808,B00RADH5S3,1,2026-05-08,changed mind,damaged
RET-002918,ORD-017810,slate-platter  ,1,2026-06-14,changed mind,resellable
RET-002919,ORD-017822,B0ET2TR1UZ,1,2026-06-02,not as described,resellable
RET-002920,ORD-017823,B0PFWXAFNA,1,2026-04-26,changed mind,resellable
RET-002921,ORD-017824,staisteestanmixe ,1,2026-05-27,no longer needed,resellable
RET-002922,ORD-017831,VH-1050,2,2026-04-05,not as described,resellable
RET-002923,ORD-017836,VH-1118,1,2026-05-02,changed mind,resellable
RET-002924,ORD-017858,B0YMGZD1WQ,1,2026-05-20,not as described,opened
RET-002925,ORD-017874,B01FSLB5Q7,1,2026-04-20,changed mind,resellable
RET-002926,ORD-017883,B04FTSGMDD,1,2026-05-04,changed mind,resellable
RET-002927,ORD-017887,VH-1107,2,2026-05-02,quality issue,damaged
RET-002928,ORD-017889,B0SFE1R7XM,1,2026-06-01,quality issue,resellable
RET-002929,ORD-017899,B0WXUN8SX9,1,2026-05-10,quality issue,opened
RET-002930,ORD-017915,B0HGZ5AHB5,1,2026-04-22,not as described,opened
RET-002931,ORD-017916,B0R3PJRMZ0,1,2026-05-07,not as described,resellable
RET-002932,ORD-017918,B0WXUN8SX9,1,2026-04-12,no longer needed,opened
RET-002933,ORD-017919,B00RADH5S3,1,2026-04-13,not as described,resellable
RET-002934,ORD-017922,B0SFE1R7XM,1,2026-06-03,not as described,opened
RET-002935,ORD-017924,B01V4ZLB05,1,2026-05-03,arrived damaged,damaged
RET-002936,ORD-017926,B00RADH5S3,1,2026-05-09,quality issue,opened
RET-002937,ORD-017928,B0WXUN8SX9,2,2026-05-27,arrived damaged,damaged
RET-002938,ORD-017928,B0KWHTZDZV,1,2026-05-09,arrived damaged,opened
RET-002939,ORD-017929,B0L1F47G91,1,2026-04-21,changed mind,resellable
RET-002940,ORD-017936,B0XQQN7V63,1,2026-04-23,quality issue,damaged
RET-002941,ORD-017948,B0W5BH9XZQ,1,2026-05-05,wrong item,opened
RET-002942,ORD-017956,B0TBF17EBH,3,2026-04-20,changed mind,resellable
RET-002943,ORD-017957,VH-1034,1,2026-05-30,changed mind,opened
RET-002944,ORD-017958,B0HBSCASKH,1,2026-04-21,wrong item,opened
RET-002945,ORD-017965,B0QBC8YR1R,3,2026-04-19,no longer needed,resellable
RET-002946,ORD-017972,B0WXUN8SX9,1,2026-05-27,quality issue,damaged
RET-002947,ORD-017977,B0L1F47G91,1,2026-04-25,changed mind,resellable
RET-002948,ORD-017996,B00RADH5S3,1,2026-05-18,arrived damaged,damaged
RET-002949,ORD-017997,B0TBF17EBH,3,2026-05-20,changed mind,resellable
RET-002950,ORD-017998,B0WXUN8SX9,1,2026-04-30,changed mind,resellable
RET-002951,ORD-018001,B0PLGQ0WUW,1,2026-04-24,no longer needed,resellable
RET-002952,ORD-018006,VH-1034,1,2026-05-22,not as described,resellable
RET-002953,ORD-018013,B04BS1RFN3,1,2026-04-16,changed mind,resellable
RET-002954,ORD-018022,B0WXUN8SX9,1,2026-05-06,changed mind,resellable
RET-002955,ORD-018025,B076GJU5HA,1,2026-04-20,wrong item,resellable
RET-002956,ORD-018029,B00RADH5S3,1,2026-05-26,wrong item,opened
RET-002957,ORD-018033,B0GT06CP9V,1,2026-06-09,not as described,resellable
RET-002958,ORD-018037,B0BW9EFX8S,1,2026-05-14,not as described,opened
RET-002959,ORD-018043,VH-1071,1,2026-04-18,no longer needed,resellable
RET-002960,ORD-018061,VH-1039,1,2026-05-06,arrived damaged,damaged
RET-002961,ORD-018066,oak_salad_bowl  ,1,2026-04-30,arrived damaged,damaged
RET-002962,ORD-018067,B0WXUN8SX9,1,2026-05-17,no longer needed,opened
RET-002963,ORD-018068,marble_placemat_set ,1,2026-04-25,changed mind,resellable
RET-002964,ORD-018075,B0WXUN8SX9,1,2026-04-21,no longer needed,resellable
RET-002965,ORD-018076,VH-1081,4,2026-05-01,changed mind,opened
RET-002966,ORD-018079,borosilicate-dinner-plate-set  ,1,2026-05-01,arrived damaged,damaged
RET-002967,ORD-018092, bamboo-cake-tin  ,1,2026-04-13,no longer needed,resellable
RET-002968,ORD-018096,B0ZM4P1CPY,1,2026-05-27,quality issue,damaged
RET-002969,ORD-018099,B0GKGBFV52,1,2026-04-14,changed mind,opened
RET-002970,ORD-018109,B0WXUN8SX9,1,2026-06-03,not as described,opened
RET-002971,ORD-018113,B0G1ZLZB9X,1,2026-04-20,not as described,resellable
RET-002972,ORD-018114,VH-1114,1,2026-05-11,changed mind,resellable
RET-002973,ORD-018114,VH-1035,2,2026-04-28,changed mind,resellable
RET-002974,ORD-018118,B01N7NW7US,1,2026-04-28,changed mind,opened
RET-002975,ORD-018119,B0WXUN8SX9,1,2026-05-12,wrong item,resellable
RET-002976,ORD-018121,terracotta_placemat_set ,1,2026-05-01,changed mind,resellable
RET-002977,ORD-018123,B00RADH5S3,1,2026-05-20,not as described,resellable
RET-002978,ORD-018128, vh acacia storage jar  ,1,2026-06-02,changed mind,resellable
RET-002979,ORD-018130,acacsauc ,1,2026-04-25,not as described,resellable
RET-002980,ORD-018133,VH-1068,1,2026-05-13,changed mind,resellable
RET-002981,ORD-018136,B0Z7JH8CX7,1,2026-04-13,arrived damaged,damaged
RET-002982,ORD-018136,B0TBF17EBH,1,2026-04-17,changed mind,resellable
RET-002983,ORD-018138,B044FDSE6A,1,2026-04-17,not as described,resellable
RET-002984,ORD-018142,VH-1113,1,2026-05-06,wrong item,opened
RET-002985,ORD-018149,B077TNVM8B,1,2026-05-08,quality issue,opened
RET-002986,ORD-018150,VH-1081,1,2026-05-06,quality issue,damaged
RET-002987,ORD-018155,B0WXUN8SX9,1,2026-05-15,quality issue,resellable
RET-002988,ORD-018157,B07BFW8H1T,2,2026-05-06,quality issue,opened
RET-002989,ORD-018175,B00RADH5S3,1,2026-05-02,not as described,resellable
RET-002990,ORD-018184,B0WXUN8SX9,1,2026-05-25,not as described,resellable
RET-002991,ORD-018201,B0HK5F3DG1,1,2026-04-26,no longer needed,resellable
RET-002992,ORD-018203, borosilicate_frying_pan  ,1,2026-05-04,changed mind,damaged
RET-002993,ORD-018208,B0W8N8XWYK,1,2026-04-18,not as described,opened
RET-002994,ORD-018209,B0WXUN8SX9,1,2026-04-14,quality issue,damaged
RET-002995,ORD-018220, vh melamine turner  ,1,2026-04-08,changed mind,resellable
RET-002996,ORD-018226, lineloaftin ,1,2026-06-11,changed mind,opened
RET-002997,ORD-018240,B0NTQBZ4V2,1,2026-04-20,changed mind,resellable
RET-002998,ORD-018241,B00RADH5S3,1,2026-05-01,changed mind,opened
RET-002999,ORD-018251,B02ZXK0X7U,1,2026-04-19,changed mind,resellable
RET-003000,ORD-018256,B0WXUN8SX9,1,2026-04-20,not as described,opened
RET-003001,ORD-018259,B01FSLB5Q7,1,2026-04-21,changed mind,resellable
RET-003002,ORD-018263,B0WXUN8SX9,1,2026-04-18,arrived damaged,damaged
RET-003003,ORD-018266,B0TBF17EBH,1,2026-05-20,quality issue,opened
RET-003004,ORD-018276,B0MLAXK2E1,1,2026-04-25,changed mind,opened
RET-003005,ORD-018278,B00E7ZCXW5,1,2026-05-09,changed mind,opened
RET-003006,ORD-018285,B0AH374DW8,2,2026-05-12,not as described,opened
RET-003007,ORD-018298,B0MLAXK2E1,1,2026-05-31,changed mind,opened
RET-003008,ORD-018298,B0HC6GKYNZ,1,2026-05-30,not as described,opened
RET-003009,ORD-018301,B0HK5F3DG1,1,2026-05-14,not as described,opened
RET-003010,ORD-018302,B0G9FTWQ6C,1,2026-05-31,arrived damaged,damaged
RET-003011,ORD-018306,B0LZTYNZMM,1,2026-04-15,not as described,resellable
RET-003012,ORD-018308,B0PLGQ0WUW,1,2026-06-05,quality issue,damaged
RET-003013,ORD-018308,B0TBF17EBH,1,2026-06-05,arrived damaged,damaged
RET-003014,ORD-018325,B0ET2TR1UZ,1,2026-04-22,no longer needed,damaged
RET-003015,ORD-018327, acacsauc  ,1,2026-05-01,arrived damaged,resellable
RET-003016,ORD-018331,B03JL94SRB,1,2026-05-12,arrived damaged,damaged
RET-003017,ORD-018332, cast-iron-electric-kettle ,1,2026-05-17,arrived damaged,damaged
RET-003018,ORD-018345,B0FBSP8LCU,1,2026-05-03,no longer needed,damaged
RET-003019,ORD-018362,vh acacia hand blender ,1,2026-06-27,not as described,opened
RET-003020,ORD-018369,B0FBSP8LCU,1,2026-06-17,arrived damaged,damaged
RET-003021,ORD-018377,VH-1053,1,2026-05-27,changed mind,resellable
RET-003022,ORD-018381,B0WXUN8SX9,1,2026-04-27,not as described,opened
RET-003023,ORD-018382,B0XVBEPU7E,1,2026-05-10,wrong item,resellable
RET-003024,ORD-018383,B0WXUN8SX9,1,2026-05-22,changed mind,resellable
RET-003025,ORD-018396,acacia_placemat_set  ,1,2026-04-19,changed mind,resellable
RET-003026,ORD-018420,B0TRA8NLKK,1,2026-05-11,changed mind,opened
RET-003027,ORD-018428,enamel_water_bottle  ,1,2026-05-28,not as described,resellable
RET-003028,ORD-018433,B0GKGBFV52,1,2026-04-10,quality issue,opened
RET-003029,ORD-018439,B0P5C1VXW0,1,2026-04-25,no longer needed,resellable
RET-003030,ORD-018445,B07YF2T8JE,2,2026-05-03,wrong item,resellable
RET-003031,ORD-018449,ceramic salad owl  ,1,2026-05-17,arrived damaged,opened
RET-003032,ORD-018457,B0WXUN8SX9,1,2026-04-26,not as described,opened
RET-003033,ORD-018458,B0JJCQQ73Q,1,2026-05-08,not as described,resellable
RET-003034,ORD-018466,B0YH2UG55T,2,2026-04-24,wrong item,resellable
RET-003035,ORD-018473,B0WXUN8SX9,1,2026-05-07,quality issue,opened
RET-003036,ORD-018477,B0WXUN8SX9,1,2026-04-16,arrived damaged,damaged
RET-003037,ORD-018494,VH-1009,1,2026-04-28,wrong item,opened
RET-003038,ORD-018495, lineplat ,1,2026-05-12,changed mind,opened
RET-003039,ORD-018499,B0GKVZ8140,1,2026-04-30,wrong item,resellable
RET-003040,ORD-018507,B0WXUN8SX9,1,2026-05-26,changed mind,resellable
RET-003041,ORD-018508,B0KWHTZDZV,1,2026-04-17,quality issue,damaged
RET-003042,ORD-018520, acacsauc ,1,2026-04-29,not as described,resellable
RET-003043,ORD-018524,B0W8N8XWYK,1,2026-05-04,changed mind,opened
RET-003044,ORD-018530,VH-1073,1,2026-04-17,wrong item,damaged
RET-003045,ORD-018531, terracotta-turner ,1,2026-05-04,changed mind,resellable
RET-003046,ORD-018537, vh terracotta carafe  ,1,2026-04-12,changed mind,resellable
RET-003047,ORD-018566,B0XQQN7V63,1,2026-04-29,no longer needed,opened
RET-003048,ORD-018569,B0W8N8XWYK,1,2026-05-04,changed mind,resellable
RET-003049,ORD-018571,VH-1081,1,2026-05-02,changed mind,resellable
RET-003050,ORD-018574,B04Z01TQC9,1,2026-05-30,quality issue,opened
RET-003051,ORD-018575,B0XVBEPU7E,1,2026-04-29,not as described,resellable
RET-003052,ORD-018580,B0WXUN8SX9,3,2026-04-27,changed mind,opened
RET-003053,ORD-018585,B0TBF17EBH,1,2026-05-18,changed mind,resellable
RET-003054,ORD-018588,VH-1077,1,2026-05-05,quality issue,damaged
RET-003055,ORD-018592,cast-iron-casserole-5l  ,1,2026-05-08,no longer needed,resellable
RET-003056,ORD-018593,B04Z01TQC9,1,2026-05-05,not as described,resellable
RET-003057,ORD-018598,ceramic dinnr set 12 piece  ,1,2026-05-30,no longer needed,resellable
RET-003058,ORD-018602,VH-1009,1,2026-05-15,changed mind,resellable
RET-003059,ORD-018614,B00RADH5S3,1,2026-04-22,changed mind,opened
RET-003060,ORD-018618,VH-1040,1,2026-05-14,changed mind,resellable
RET-003061,ORD-018621,B0TBF17EBH,3,2026-04-15,not as described,opened
RET-003062,ORD-018623,stoeware serving board ,1,2026-06-06,arrived damaged,damaged
RET-003063,ORD-018627,B06RJSMPSQ,1,2026-04-27,changed mind,resellable
RET-003064,ORD-018633,B0X2XM7B9M,1,2026-05-09,changed mind,resellable
RET-003065,ORD-018640,B0C7PHW57Y,1,2026-05-20,quality issue,damaged
RET-003066,ORD-018646,B0WXUN8SX9,1,2026-05-18,quality issue,damaged
RET-003067,ORD-018657, ceramic dinnr set 12 piece ,1,2026-04-05,changed mind,resellable
RET-003068,ORD-018665,B00RADH5S3,1,2026-05-11,no longer needed,damaged
RET-003069,ORD-018669,B0PLGQ0WUW,1,2026-04-25,no longer needed,resellable
RET-003070,ORD-018671,B00RADH5S3,2,2026-05-28,not as described,opened
RET-003071,ORD-018687,VH-1081,1,2026-06-13,changed mind,resellable
RET-003072,ORD-018697,B00RADH5S3,1,2026-06-04,wrong item,opened
RET-003073,ORD-018714,B0MT6315WC,3,2026-05-16,changed mind,resellable
RET-003074,ORD-018717,B0WXUN8SX9,1,2026-06-03,arrived damaged,damaged
RET-003075,ORD-018740,B0W3L9K2TT,1,2026-06-12,not as described,opened
RET-003076,ORD-018749,B0ZM4P1CPY,2,2026-06-10,changed mind,resellable
RET-003077,ORD-018750,B00RADH5S3,1,2026-07-15,not as described,damaged
RET-003078,ORD-018752,melamine saucpan  ,1,2026-06-13,quality issue,damaged
RET-003079,ORD-018758,B00RADH5S3,1,2026-06-08,not as described,opened
RET-003080,ORD-018767,B00RADH5S3,1,2026-06-02,no longer needed,opened
RET-003081,ORD-018774,B0PLGQ0WUW,1,2026-06-17,changed mind,opened
RET-003082,ORD-018783,B0CZC3PXCW,1,2026-05-12,changed mind,resellable
RET-003083,ORD-018783,B0MWLBXAJM,1,2026-06-20,no longer needed,opened
RET-003084,ORD-018797, staisteestanmixe  ,1,2026-05-21,changed mind,resellable
RET-003085,ORD-018805,B0FBSP8LCU,1,2026-05-25,changed mind,resellable
RET-003086,ORD-018807,VH-1053,1,2026-05-09,changed mind,resellable
RET-003087,ORD-018816,B0LZTYNZMM,1,2026-06-02,quality issue,resellable
RET-003088,ORD-018824,B00RADH5S3,1,2026-05-25,changed mind,resellable
RET-003089,ORD-018828,B04CU9MZTG,1,2026-06-02,changed mind,resellable
RET-003090,ORD-018830,B0BW9EFX8S,1,2026-06-15,no longer needed,opened
RET-003091,ORD-018839,B0WXUN8SX9,1,2026-05-05,changed mind,resellable
RET-003092,ORD-018843, vh stainless steel muffin tray ,1,2026-06-23,arrived damaged,damaged
RET-003093,ORD-018844,B0ZM4P1CPY,1,2026-05-09,not as described,resellable
RET-003094,ORD-018848,B0GQ0AUTHT,1,2026-06-11,changed mind,opened
RET-003095,ORD-018848,B0NTQBZ4V2,1,2026-06-04,arrived damaged,resellable
RET-003096,ORD-018850,B0TBF17EBH,1,2026-05-16,arrived damaged,damaged
RET-003097,ORD-018865,B0XQQN7V63,1,2026-05-29,changed mind,resellable
RET-003098,ORD-018867,B0WXUN8SX9,1,2026-06-01,arrived damaged,damaged
RET-003099,ORD-018867,B0TBF17EBH,1,2026-05-31,quality issue,opened
RET-003100,ORD-018868,B0NTQBZ4V2,1,2026-07-05,not as described,resellable
RET-003101,ORD-018869,B0G9FTWQ6C,1,2026-06-11,changed mind,opened
RET-003102,ORD-018872,B0WXUN8SX9,1,2026-05-16,arrived damaged,damaged
RET-003103,ORD-018874,B00RADH5S3,1,2026-05-24,arrived damaged,damaged
RET-003104,ORD-018876,B0KT4D60ZK,1,2026-06-09,changed mind,resellable
RET-003105,ORD-018877,VH-1058,1,2026-05-29,no longer needed,resellable
RET-003106,ORD-018880,VH-1060,4,2026-06-09,wrong item,opened
RET-003107,ORD-018884,B00RADH5S3,1,2026-06-03,quality issue,damaged
RET-003108,ORD-018896,B0WXUN8SX9,2,2026-05-23,no longer needed,resellable
RET-003109,ORD-018899,B0WXUN8SX9,1,2026-06-05,not as described,resellable
RET-003110,ORD-018909,B01J3QMR6K,1,2026-06-15,wrong item,resellable
RET-003111,ORD-018919,B077TNVM8B,1,2026-06-02,changed mind,resellable
RET-003112,ORD-018923,B00RADH5S3,1,2026-05-13,arrived damaged,damaged
RET-003113,ORD-018924,B0TBF17EBH,1,2026-05-28,arrived damaged,damaged
RET-003114,ORD-018925,VH-1055,1,2026-05-22,changed mind,resellable
RET-003115,ORD-018939,B00RADH5S3,1,2026-06-02,not as described,resellable
RET-003116,ORD-018948,VH-1004,1,2026-06-19,quality issue,opened
RET-003117,ORD-018953,B0WXUN8SX9,1,2026-06-13,arrived damaged,opened
RET-003118,ORD-018958,B00LHXS3KS,1,2026-05-26,arrived damaged,damaged
RET-003119,ORD-018975,B01J3QMR6K,1,2026-06-03,no longer needed,resellable
RET-003120,ORD-018977,cast-iron-electric-kettle ,1,2026-06-05,quality issue,opened
RET-003121,ORD-018985,B0WXUN8SX9,1,2026-06-19,wrong item,resellable
RET-003122,ORD-018986,vh bamboo turner ,1,2026-06-02,changed mind,opened
RET-003123,ORD-018987,B0LZTYNZMM,1,2026-05-22,no longer needed,opened
RET-003124,ORD-018990,VH-1057,1,2026-05-26,changed mind,opened
RET-003125,ORD-018998,B06TDAT9ZQ,1,2026-07-02,not as described,opened
RET-003126,ORD-019010,acacia_placemat_set ,1,2026-06-20,changed mind,resellable
RET-003127,ORD-019014,VH-1024,4,2026-05-29,changed mind,resellable
RET-003128,ORD-019016,B0WXUN8SX9,1,2026-06-27,not as described,opened
RET-003129,ORD-019021,B0HGZ5AHB5,1,2026-06-04,not as described,opened
RET-003130,ORD-019023,B0XQQN7V63,1,2026-06-08,changed mind,damaged
RET-003131,ORD-019032, stneware grill pan ,1,2026-05-11,no longer needed,resellable
RET-003132,ORD-019054,B00RADH5S3,1,2026-06-23,wrong item,resellable
RET-003133,ORD-019063,VH-1019,1,2026-05-17,no longer needed,resellable
RET-003134,ORD-019065,B00RADH5S3,1,2026-06-07,changed mind,resellable
RET-003135,ORD-019071,B0WXUN8SX9,1,2026-06-10,wrong item,opened
RET-003136,ORD-019072,B0L1F47G91,1,2026-05-27,quality issue,damaged
RET-003137,ORD-019083,VH-1020,1,2026-05-10,not as described,opened
RET-003138,ORD-019096,B0WXUN8SX9,1,2026-06-09,changed mind,opened
RET-003139,ORD-019102,B0RXXN9M2M,1,2026-06-02,changed mind,resellable
RET-003140,ORD-019121,B0CZC3PXCW,1,2026-06-03,changed mind,resellable
RET-003141,ORD-019122,VH-1059,1,2026-05-06,changed mind,resellable
RET-003142,ORD-019128,B0P5C1VXW0,1,2026-06-18,changed mind,opened
RET-003143,ORD-019136,B09Q1GC9N5,1,2026-06-16,not as described,resellable
RET-003144,ORD-019139,B00RADH5S3,1,2026-05-09,not as described,resellable
RET-003145,ORD-019142,B0ADK7M1A7,1,2026-05-18,no longer needed,opened
RET-003146,ORD-019147,B0WXUN8SX9,1,2026-05-27,changed mind,resellable
RET-003147,ORD-019154,B07LLE55WZ,1,2026-06-26,changed mind,resellable
RET-003148,ORD-019157,B0B1RBATAH,1,2026-05-29,changed mind,resellable
RET-003149,ORD-019157,B00RADH5S3,1,2026-05-27,changed mind,resellable
RET-003150,ORD-019173,enmel bread bin  ,1,2026-05-30,arrived damaged,opened
RET-003151,ORD-019181,VH-1030,2,2026-05-29,quality issue,damaged
RET-003152,ORD-019189,B0C14B2M8L,1,2026-05-25,arrived damaged,opened
RET-003153,ORD-019193,B03RU2WGG5,1,2026-07-01,changed mind,resellable
RET-003154,ORD-019195,B07LLE55WZ,1,2026-06-30,changed mind,resellable
RET-003155,ORD-019198,VH-1096,1,2026-05-15,no longer needed,resellable
RET-003156,ORD-019207,B0WXUN8SX9,1,2026-05-18,changed mind,opened
RET-003157,ORD-019207,B00RADH5S3,1,2026-06-21,changed mind,resellable
RET-003158,ORD-019215,B0SEPFUQ3B,1,2026-06-07,changed mind,resellable
RET-003159,ORD-019226,B03RU2WGG5,1,2026-05-14,not as described,opened
RET-003160,ORD-019233,B0HBSCASKH,1,2026-06-26,quality issue,opened
RET-003161,ORD-019234,VH-1059,1,2026-06-14,changed mind,opened
RET-003162,ORD-019252,B0SEPFUQ3B,1,2026-06-12,not as described,opened
RET-003163,ORD-019265,B0XLHGCJNR,1,2026-05-24,not as described,resellable
RET-003164,ORD-019273,B0PLGQ0WUW,1,2026-06-10,changed mind,resellable
RET-003165,ORD-019273,B00RADH5S3,1,2026-05-31,not as described,damaged
RET-003166,ORD-019278,B01V4ZLB05,1,2026-06-09,arrived damaged,damaged
RET-003167,ORD-019283,B0WXUN8SX9,1,2026-06-03,changed mind,resellable
RET-003168,ORD-019296,B0T7K81KQR,1,2026-06-03,not as described,resellable
RET-003169,ORD-019297, marbladl ,1,2026-06-06,no longer needed,resellable
RET-003170,ORD-019301,B0ZM4P1CPY,1,2026-05-16,not as described,resellable
RET-003171,ORD-019302,B06830FD6V,3,2026-05-20,changed mind,resellable
RET-003172,ORD-019314,vh acacia hand blender ,1,2026-06-02,wrong item,resellable
RET-003173,ORD-019316,B06TDAT9ZQ,1,2026-05-30,quality issue,damaged
RET-003174,ORD-019318,B08XCQ8NA9,3,2026-06-25,wrong item,resellable
RET-003175,ORD-019320,B00RADH5S3,1,2026-05-11,no longer needed,resellable
RET-003176,ORD-019328,cast-iron-casserole-5l  ,1,2026-06-11,changed mind,resellable
RET-003177,ORD-019330, acacsauc  ,1,2026-06-28,not as described,resellable
RET-003178,ORD-019340,B0PFWXAFNA,1,2026-05-12,quality issue,opened
RET-003179,ORD-019342,B0XS5B40FN,1,2026-05-29,arrived damaged,damaged
RET-003180,ORD-019347,B0WXUN8SX9,1,2026-05-28,quality issue,damaged
RET-003181,ORD-019348, cast-iron-casserole-5l  ,1,2026-06-10,no longer needed,resellable
RET-003182,ORD-019354,B0TBF17EBH,1,2026-06-15,changed mind,resellable
RET-003183,ORD-019354,B00RADH5S3,1,2026-05-29,changed mind,resellable
RET-003184,ORD-019354,B0X3KCJPGM,1,2026-05-25,wrong item,resellable
RET-003185,ORD-019366,B0MWLBXAJM,4,2026-05-20,quality issue,damaged
RET-003186,ORD-019375,ceramic dinnr set 12 piece ,1,2026-06-04,changed mind,resellable
RET-003187,ORD-019379,B0TBF17EBH,1,2026-05-29,arrived damaged,damaged
RET-003188,ORD-019394,B0PSBKCKDF,1,2026-05-20,quality issue,damaged
RET-003189,ORD-019412,B0WXUN8SX9,1,2026-06-14,changed mind,resellable
RET-003190,ORD-019418,vh enamel tea towel set  ,1,2026-06-03,quality issue,opened
RET-003191,ORD-019420,B0P5C1VXW0,1,2026-06-26,changed mind,resellable
RET-003192,ORD-019424,B0WXUN8SX9,1,2026-07-02,wrong item,resellable
RET-003193,ORD-019429,coppapro ,1,2026-06-29,not as described,opened
RET-003194,ORD-019438,VH-1112,1,2026-07-13,no longer needed,resellable
RET-003195,ORD-019440,B0N4R752V5,1,2026-06-26,not as described,resellable
RET-003196,ORD-019443,B0XVBEPU7E,1,2026-05-23,quality issue,opened
RET-003197,ORD-019446,B0WXUN8SX9,1,2026-05-21,changed mind,opened
RET-003198,ORD-019450,B00RADH5S3,1,2026-06-30,changed mind,resellable
RET-003199,ORD-019452,B0TBF17EBH,1,2026-05-24,wrong item,resellable
RET-003200,ORD-019454,VH-1034,1,2026-05-31,arrived damaged,damaged
RET-003201,ORD-019470,B0XLHGCJNR,1,2026-06-26,changed mind,damaged
RET-003202,ORD-019475, cast-iron-casserole-5l  ,1,2026-06-03,arrived damaged,damaged
RET-003203,ORD-019477,B0TBF17EBH,1,2026-07-11,not as described,damaged
RET-003204,ORD-019479,VH-1111,1,2026-05-14,arrived damaged,damaged
RET-003205,ORD-019483,B0HGZ5AHB5,1,2026-05-31,changed mind,resellable
RET-003206,ORD-019484,B0YMGZD1WQ,1,2026-06-07,no longer needed,resellable
RET-003207,ORD-019487,B0TBF17EBH,1,2026-05-27,wrong item,opened
RET-003208,ORD-019488,B0FBSP8LCU,1,2026-06-21,changed mind,resellable
RET-003209,ORD-019491,B0WXUN8SX9,1,2026-05-15,no longer needed,resellable
RET-003210,ORD-019492,B07YF2T8JE,1,2026-05-22,changed mind,resellable
RET-003211,ORD-019506,B0PFWXAFNA,1,2026-06-05,no longer needed,resellable
RET-003212,ORD-019508,B0WXUN8SX9,1,2026-06-01,arrived damaged,opened
RET-003213,ORD-019511,B0TE7M6JWU,1,2026-05-18,changed mind,opened
RET-003214,ORD-019513,B0M5P2CY7D,1,2026-06-26,not as described,opened
RET-003215,ORD-019518,B00E7ZCXW5,1,2026-05-27,changed mind,resellable
RET-003216,ORD-019523, staisteestanmixe ,1,2026-05-11,changed mind,resellable
RET-003217,ORD-019525,B0XQQN7V63,1,2026-05-29,no longer needed,opened
RET-003218,ORD-019527,B00RADH5S3,1,2026-06-04,no longer needed,resellable
RET-003219,ORD-019535,B0QRL5NZ0E,1,2026-06-09,not as described,resellable
RET-003220,ORD-019548,B0XQQN7V63,1,2026-06-11,changed mind,resellable
RET-003221,ORD-019559,VH-1087,1,2026-06-07,not as described,damaged
RET-003222,ORD-019581,B04BS1RFN3,1,2026-07-04,quality issue,damaged
RET-003223,ORD-019586,B0Y6BNF1R8,1,2026-05-17,arrived damaged,damaged
RET-003224,ORD-019587,B0XDTY1E1W,1,2026-07-09,arrived damaged,opened
RET-003225,ORD-019592,VH-1065,1,2026-06-09,not as described,resellable
RET-003226,ORD-019597,VH-1009,1,2026-06-15,quality issue,opened
RET-003227,ORD-019599,B00RADH5S3,1,2026-06-10,changed mind,damaged
RET-003228,ORD-019606,B0TBF17EBH,1,2026-07-08,changed mind,opened
RET-003229,ORD-019617,B044FDSE6A,1,2026-07-02,no longer needed,resellable
RET-003230,ORD-019619,VH-1089,1,2026-06-23,changed mind,resellable
RET-003231,ORD-019622,VH-1053,1,2026-06-21,changed mind,damaged
RET-003232,ORD-019627,B0TBF17EBH,1,2026-06-23,not as described,damaged
RET-003233,ORD-019630,B0NNFJVLCD,1,2026-08-04,arrived damaged,damaged
RET-003234,ORD-019637,enamel_water_bottle ,1,2026-06-22,not as described,resellable
RET-003235,ORD-019661, melamine-table-runner  ,1,2026-06-16,wrong item,resellable
RET-003236,ORD-019673,B0WXUN8SX9,1,2026-08-02,changed mind,resellable
RET-003237,ORD-019679,B07YF2T8JE,1,2026-06-12,no longer needed,resellable
RET-003238,ORD-019681,staisteestanmixe ,1,2026-06-23,not as described,resellable
RET-003239,ORD-019699,B0P5C1VXW0,1,2026-06-26,arrived damaged,damaged
RET-003240,ORD-019703,B0TBF17EBH,1,2026-07-27,arrived damaged,damaged
RET-003241,ORD-019720,B0P5C1VXW0,1,2026-07-06,not as described,resellable
RET-003242,ORD-019721,B0N0SG1LUL,1,2026-06-26,changed mind,resellable
RET-003243,ORD-019723,B0C14B2M8L,3,2026-06-12,quality issue,damaged
RET-003244,ORD-019737,VH-1053,1,2026-06-24,quality issue,opened
RET-003245,ORD-019738,B0ZM4P1CPY,1,2026-06-24,arrived damaged,damaged
RET-003246,ORD-019739,VH-1112,1,2026-06-08,quality issue,damaged
RET-003247,ORD-019741,B0WXUN8SX9,1,2026-07-07,not as described,resellable
RET-003248,ORD-019749,staisteestanmixe  ,1,2026-06-15,changed mind,resellable
RET-003249,ORD-019760,VH-1057,1,2026-06-12,not as described,damaged
RET-003250,ORD-019769,B00RADH5S3,1,2026-06-07,arrived damaged,damaged
RET-003251,ORD-019769,B0WXUN8SX9,1,2026-06-13,changed mind,resellable
RET-003252,ORD-019769,B0T7K81KQR,1,2026-06-16,not as described,opened
RET-003253,ORD-019776,B0D27V1BVA,1,2026-06-30,changed mind,resellable
RET-003254,ORD-019781,VH-1117,1,2026-06-20,no longer needed,damaged
RET-003255,ORD-019784,B0X3KCJPGM,1,2026-07-12,quality issue,opened
RET-003256,ORD-019785,B02ZXK0X7U,1,2026-07-05,arrived damaged,opened
RET-003257,ORD-019790,B04BS1RFN3,1,2026-07-10,not as described,damaged
RET-003258,ORD-019807,VH-1029,1,2026-07-05,changed mind,resellable
RET-003259,ORD-019815, bamboo_grill_pan  ,1,2026-07-05,no longer needed,resellable
RET-003260,ORD-019820,B0WXUN8SX9,1,2026-06-27,arrived damaged,damaged
RET-003261,ORD-019821,B0M5P2CY7D,1,2026-06-23,no longer needed,resellable
RET-003262,ORD-019822,B0TBF17EBH,1,2026-06-20,not as described,opened
RET-003263,ORD-019834,B00LHXS3KS,1,2026-06-19,no longer needed,resellable
RET-003264,ORD-019835,VH-1057,1,2026-07-08,not as described,opened
RET-003265,ORD-019840,B09Q1GC9N5,1,2026-06-19,not as described,resellable
RET-003266,ORD-019843,B0WXUN8SX9,1,2026-06-10,changed mind,resellable
RET-003267,ORD-019865,B0QT3U9PL7,1,2026-06-13,quality issue,damaged
RET-003268,ORD-019872,B0JJCQQ73Q,1,2026-07-27,not as described,opened
RET-003269,ORD-019873,B00RADH5S3,1,2026-06-11,not as described,opened
RET-003270,ORD-019875,vh marble water bottle ,1,2026-07-02,no longer needed,resellable
RET-003271,ORD-019877,B0YZNEKZT7,1,2026-08-14,arrived damaged,damaged
RET-003272,ORD-019878,B0XQQN7V63,1,2026-07-01,not as described,opened
RET-003273,ORD-019879,B06TDAT9ZQ,1,2026-07-22,not as described,damaged
RET-003274,ORD-019885,B0GT06CP9V,1,2026-06-25,changed mind,resellable
RET-003275,ORD-019886,B0DUGKZEZ8,1,2026-06-24,changed mind,resellable
RET-003276,ORD-019887, vh bamboo turner ,1,2026-08-04,no longer needed,opened
RET-003277,ORD-019895,VH-1067,1,2026-07-26,not as described,opened
RET-003278,ORD-019896,VH-1063,1,2026-07-21,arrived damaged,damaged
RET-003279,ORD-019901,B0WXUN8SX9,1,2026-07-22,changed mind,opened
RET-003280,ORD-019903,B0WXUN8SX9,1,2026-07-04,changed mind,resellable
RET-003281,ORD-019904,B0MWLBXAJM,2,2026-07-17,arrived damaged,damaged
RET-003282,ORD-019904,B0WXUN8SX9,1,2026-08-24,not as described,damaged
RET-003283,ORD-019916,B0TBF17EBH,1,2026-06-20,changed mind,resellable
RET-003284,ORD-019924,B0ADK7M1A7,1,2026-06-26,quality issue,damaged
RET-003285,ORD-019924,B0WXUN8SX9,1,2026-06-14,changed mind,resellable
RET-003286,ORD-019925,B0W3L9K2TT,1,2026-07-05,changed mind,resellable
RET-003287,ORD-019933,B0U862BR2Y,1,2026-06-17,not as described,opened
RET-003288,ORD-019948,VH-1087,1,2026-06-30,not as described,opened
RET-003289,ORD-019949,B0HBSCASKH,1,2026-06-27,changed mind,opened
RET-003290,ORD-019950,VH-1079,1,2026-07-06,quality issue,resellable
RET-003291,ORD-019970,B04FTSGMDD,1,2026-07-20,quality issue,resellable
RET-003292,ORD-019976,B07LLE55WZ,1,2026-06-30,not as described,opened
RET-003293,ORD-019983,B08XCQ8NA9,1,2026-07-03,no longer needed,resellable
RET-003294,ORD-020001,B00RADH5S3,1,2026-06-14,arrived damaged,damaged
RET-003295,ORD-020016,B0TBF17EBH,1,2026-07-24,not as described,resellable
RET-003296,ORD-020039,B0WXUN8SX9,1,2026-06-28,no longer needed,resellable
RET-003297,ORD-020059,B0EAVD8CJ8,2,2026-07-07,changed mind,resellable
RET-003298,ORD-020063,B00RADH5S3,1,2026-07-01,changed mind,opened
RET-003299,ORD-020063,B0WXUN8SX9,1,2026-07-28,changed mind,resellable
RET-003300,ORD-020067,B0TBF17EBH,1,2026-07-14,arrived damaged,damaged
RET-003301,ORD-020068,VH-1023,1,2026-06-23,no longer needed,resellable
RET-003302,ORD-020080,B0C14B2M8L,1,2026-07-05,changed mind,opened
RET-003303,ORD-020091,B0PB2ANK9N,1,2026-07-15,quality issue,opened
RET-003304,ORD-020092,B0X3KCJPGM,1,2026-07-02,changed mind,resellable
RET-003305,ORD-020100,B00RADH5S3,1,2026-06-15,quality issue,damaged
RET-003306,ORD-020106, cast-iron-casserole-5l ,1,2026-08-07,not as described,resellable
RET-003307,ORD-020112,VH-1057,1,2026-08-05,not as described,resellable
RET-003308,ORD-020123, stoneware_water_bottle  ,1,2026-08-07,not as described,opened
RET-003309,ORD-020140,B0WXUN8SX9,1,2026-06-13,wrong item,resellable
RET-003310,ORD-020154,B0WXUN8SX9,1,2026-07-09,changed mind,opened
RET-003311,ORD-020179,B0CZC3PXCW,1,2026-07-18,not as described,opened
RET-003312,ORD-020189,B0R6SMCWAT,3,2026-07-03,changed mind,opened
RET-003313,ORD-020198,B06K4ABU9T,1,2026-07-21,arrived damaged,damaged
RET-003314,ORD-020201,vh acacia hand blender ,1,2026-06-23,changed mind,opened
RET-003315,ORD-020201,melamine-tumbler-set  ,2,2026-06-15,not as described,resellable
RET-003316,ORD-020222,B06TDAT9ZQ,1,2026-06-08,wrong item,resellable
RET-003317,ORD-020222,B0WXUN8SX9,1,2026-07-02,quality issue,resellable
RET-003318,ORD-020223,B0TBXU1FDC,1,2026-06-25,not as described,opened
RET-003319,ORD-020223,B0XQQN7V63,1,2026-06-23,arrived damaged,damaged
RET-003320,ORD-020227, ceratablrunn ,1,2026-07-30,changed mind,resellable
RET-003321,ORD-020229,B0ZM4P1CPY,1,2026-07-08,arrived damaged,damaged
RET-003322,ORD-020233,B0XVBEPU7E,1,2026-06-23,quality issue,resellable
RET-003323,ORD-020237,B0TBF17EBH,1,2026-06-14,not as described,resellable
RET-003324,ORD-020242,B00RADH5S3,1,2026-07-06,not as described,opened
RET-003325,ORD-020248,B0WXUN8SX9,1,2026-07-11,changed mind,resellable
RET-003326,ORD-020250,B0WXUN8SX9,2,2026-07-23,changed mind,resellable
RET-003327,ORD-020256,B0JJCQQ73Q,1,2026-06-28,not as described,damaged
RET-003328,ORD-020268, vh terracotta carafe ,1,2026-08-01,not as described,opened
RET-003329,ORD-020270,B0HK5F3DG1,1,2026-07-07,wrong item,resellable
RET-003330,ORD-020273,B0XQQN7V63,1,2026-08-02,wrong item,resellable
RET-003331,ORD-020279,B09Q1GC9N5,1,2026-07-07,changed mind,resellable
RET-003332,ORD-020288,vh linen platter  ,1,2026-06-10,changed mind,opened
RET-003333,ORD-020289,B0TBF17EBH,1,2026-07-26,changed mind,opened
RET-003334,ORD-020290,B0TBF17EBH,1,2026-06-19,changed mind,damaged
RET-003335,ORD-020294, cermic pasta bowl set  ,1,2026-07-03,changed mind,opened
RET-003336,ORD-020299,slatplacset ,1,2026-06-28,changed mind,resellable
RET-003337,ORD-020304,B0KWHTZDZV,1,2026-07-15,no longer needed,resellable
RET-003338,ORD-020307,VH-1034,1,2026-07-20,wrong item,resellable
RET-003339,ORD-020310,B0PLGQ0WUW,1,2026-06-15,arrived damaged,damaged
RET-003340,ORD-020312,B01N7NW7US,1,2026-07-03,wrong item,resellable
RET-003341,ORD-020321,B07LLE55WZ,1,2026-06-24,quality issue,opened
RET-003342,ORD-020354, marbplat ,1,2026-07-08,arrived damaged,opened
RET-003343,ORD-020360,B0L1F47G91,1,2026-07-04,no longer needed,resellable
RET-003344,ORD-020365,B06TDAT9ZQ,1,2026-07-03,arrived damaged,damaged
RET-003345,ORD-020377,B0S1TJJESE,1,2026-06-29,quality issue,damaged
RET-003346,ORD-020380,B0N4R752V5,1,2026-06-30,wrong item,opened
RET-003347,ORD-020396,B0TBF17EBH,1,2026-07-27,not as described,damaged
RET-003348,ORD-020401,stonteatoweset ,1,2026-07-23,no longer needed,resellable
RET-003349,ORD-020414,B01V4ZLB05,1,2026-08-09,no longer needed,resellable
RET-003350,ORD-020427,B0WXUN8SX9,1,2026-07-11,quality issue,opened
RET-003351,ORD-020433,B0CZC3PXCW,1,2026-06-19,changed mind,opened
RET-003352,ORD-020445,VH-1005,1,2026-06-29,arrived damaged,damaged
RET-003353,ORD-020453,VH-1001,1,2026-08-07,changed mind,resellable
RET-003354,ORD-020458,B06TDAT9ZQ,1,2026-07-09,not as described,opened
RET-003355,ORD-020464,B0WXUN8SX9,1,2026-07-02,not as described,opened
RET-003356,ORD-020471,B044FDSE6A,1,2026-06-26,not as described,resellable
RET-003357,ORD-020474,B0PLGQ0WUW,1,2026-08-02,changed mind,resellable
RET-003358,ORD-020474,B0KWHTZDZV,1,2026-07-15,wrong item,resellable
RET-003359,ORD-020488,B0WXUN8SX9,1,2026-06-23,not as described,opened
RET-003360,ORD-020489,B07BFW8H1T,1,2026-07-06,changed mind,resellable
RET-003361,ORD-020491,B07BFW8H1T,1,2026-07-09,quality issue,damaged
RET-003362,ORD-020496,VH-1117,1,2026-06-18,changed mind,resellable
RET-003363,ORD-020515,VH-1057,1,2026-07-11,not as described,resellable
RET-003364,ORD-020520,B00RADH5S3,1,2026-06-19,changed mind,resellable
RET-003365,ORD-020522,B00RADH5S3,1,2026-07-01,changed mind,resellable
RET-003366,ORD-020527, borosilicate_frying_pan ,1,2026-06-15,changed mind,resellable
RET-003367,ORD-020532,VH-1021,1,2026-07-11,not as described,resellable
RET-003368,ORD-020535, coppturn  ,3,2026-07-11,quality issue,damaged
RET-003369,ORD-020547,B0WXUN8SX9,1,2026-08-03,not as described,opened
RET-003370,ORD-020561,B0TBF17EBH,1,2026-07-29,changed mind,resellable
RET-003371,ORD-020570,VH-1035,1,2026-08-13,quality issue,damaged
RET-003372,ORD-020573, stainless steel bred bin ,1,2026-07-29,quality issue,damaged
RET-003373,ORD-020573, borocaniset ,1,2026-09-09,quality issue,damaged
RET-003374,ORD-020574,B0TBF17EBH,1,2026-08-26,quality issue,opened
RET-003375,ORD-020577,B0TBF17EBH,1,2026-08-30,quality issue,opened
RET-003376,ORD-020591,B00E7ZCXW5,1,2026-08-04,changed mind,opened
RET-003377,ORD-020593, cerapantbox ,1,2026-08-24,changed mind,resellable
RET-003378,ORD-020601,B0CZC3PXCW,2,2026-07-30,changed mind,resellable
RET-003379,ORD-020608,B0NTQBZ4V2,1,2026-07-18,wrong item,resellable
RET-003380,ORD-020619,B0XQQN7V63,1,2026-07-14,quality issue,damaged
RET-003381,ORD-020620,vh marble water bottle  ,1,2026-08-16,no longer needed,resellable
RET-003382,ORD-020621,B0ADK7M1A7,1,2026-08-30,no longer needed,resellable
RET-003383,ORD-020621,B01N7NW7US,1,2026-08-15,arrived damaged,damaged
RET-003384,ORD-020627,B00RADH5S3,1,2026-09-01,wrong item,resellable
RET-003385,ORD-020631,B0LZTYNZMM,1,2026-07-22,not as described,resellable
RET-003386,ORD-020637,VH-1087,2,2026-08-11,not as described,opened
RET-003387,ORD-020639,B0KWHTZDZV,1,2026-07-26,changed mind,opened
RET-003388,ORD-020641,VH-1047,1,2026-07-15,arrived damaged,damaged
RET-003389,ORD-020643,VH-1115,1,2026-08-19,wrong item,damaged
RET-003390,ORD-020644,B0D27V1BVA,1,2026-07-10,quality issue,damaged
RET-003391,ORD-020645,B0WXUN8SX9,1,2026-07-04,arrived damaged,damaged
RET-003392,ORD-020648,B0S1TJJESE,1,2026-08-17,arrived damaged,damaged
RET-003393,ORD-020653,B0HGZ5AHB5,1,2026-08-27,not as described,resellable
RET-003394,ORD-020664, stainless steel bred bin  ,1,2026-07-25,no longer needed,resellable
RET-003395,ORD-020665,B0TBXU1FDC,1,2026-07-31,no longer needed,resellable
RET-003396,ORD-020666,B0KT4D60ZK,1,2026-07-08,quality issue,damaged
RET-003397,ORD-020680,B0WXUN8SX9,1,2026-08-13,changed mind,resellable
RET-003398,ORD-020682,VH-1106,1,2026-08-07,not as described,resellable
RET-003399,ORD-020691,B01V4ZLB05,1,2026-07-29,changed mind,resellable
RET-003400,ORD-020691,B00RADH5S3,1,2026-07-30,no longer needed,resellable
RET-003401,ORD-020699,B0TBF17EBH,1,2026-08-19,not as described,opened
RET-003402,ORD-020713,B0R3PJRMZ0,1,2026-08-21,not as described,resellable
RET-003403,ORD-020714, staisteestanmixe ,1,2026-08-14,not as described,resellable
RET-003404,ORD-020725,B00RADH5S3,1,2026-08-06,changed mind,resellable
RET-003405,ORD-020732,B0N4R752V5,1,2026-09-02,changed mind,damaged
RET-003406,ORD-020732,B0QFTM3WML,2,2026-07-31,no longer needed,resellable
RET-003407,ORD-020755,B08XCQ8NA9,1,2026-07-16,arrived damaged,damaged
RET-003408,ORD-020756,B01N7NW7US,1,2026-07-29,wrong item,resellable
RET-003409,ORD-020760,VH-1006,1,2026-08-05,wrong item,resellable
RET-003410,ORD-020763,acaia apron ,1,2026-08-09,not as described,resellable
RET-003411,ORD-020771,VH-1066,1,2026-09-06,not as described,opened
RET-003412,ORD-020783,B04CU9MZTG,1,2026-09-03,changed mind,resellable
RET-003413,ORD-020788,B0QRL5NZ0E,4,2026-07-13,changed mind,resellable
RET-003414,ORD-020790,VH-1015,1,2026-08-08,changed mind,resellable
RET-003415,ORD-020797,B0WXUN8SX9,1,2026-07-28,wrong item,damaged
RET-003416,ORD-020798,borosilicate-food-chopper  ,1,2026-07-30,quality issue,damaged
RET-003417,ORD-020804,VH-1084,1,2026-08-14,arrived damaged,damaged
RET-003418,ORD-020811,B0HGZ5AHB5,1,2026-08-18,quality issue,damaged
RET-003419,ORD-020834,VH-1052,1,2026-07-25,no longer needed,opened
RET-003420,ORD-020840,VH-1058,1,2026-07-29,arrived damaged,damaged
RET-003421,ORD-020852, ceratablrunn ,1,2026-07-28,changed mind,resellable
RET-003422,ORD-020867,B00RADH5S3,1,2026-08-17,wrong item,opened
RET-003423,ORD-020868,B0WXUN8SX9,1,2026-08-06,wrong item,resellable
RET-003424,ORD-020871,B0TBF17EBH,1,2026-07-23,not as described,damaged
RET-003425,ORD-020875,B0TBF17EBH,1,2026-07-12,changed mind,resellable
RET-003426,ORD-020898,VH-1084,1,2026-07-22,changed mind,opened
RET-003427,ORD-020913, vh copper mug set ,1,2026-08-18,no longer needed,resellable
RET-003428,ORD-020924,B0G9FTWQ6C,1,2026-07-17,quality issue,damaged
RET-003429,ORD-020933,B0ZM4P1CPY,1,2026-08-18,changed mind,opened
RET-003430,ORD-020946,B00RADH5S3,1,2026-08-27,changed mind,opened
RET-003431,ORD-020951,B00RADH5S3,1,2026-08-26,quality issue,damaged
RET-003432,ORD-020955,VH-1003,1,2026-08-09,arrived damaged,damaged
RET-003433,ORD-020959,VH-1097,1,2026-07-27,changed mind,resellable
RET-003434,ORD-020960, glasstorjarsetof6 ,1,2026-07-13,quality issue,opened
RET-003435,ORD-020964, ceramic dinnr set 12 piece  ,3,2026-08-13,changed mind,resellable
RET-003436,ORD-020972,VH-1015,1,2026-08-16,no longer needed,resellable
RET-003437,ORD-020973,VH-1024,1,2026-07-22,no longer needed,opened
RET-003438,ORD-020977,B0S1ZHPN2M,1,2026-08-21,not as described,resellable
RET-003439,ORD-020984,VH-1057,1,2026-08-01,quality issue,opened
RET-003440,ORD-020985, stoneware_loaf_tin  ,1,2026-08-10,no longer needed,resellable
RET-003441,ORD-020995,B0WXUN8SX9,1,2026-08-20,quality issue,damaged
RET-003442,ORD-021015,B0Y6BNF1R8,1,2026-07-07,changed mind,opened
RET-003443,ORD-021020,B0JJCQQ73Q,1,2026-08-23,quality issue,resellable
RET-003444,ORD-021021,B0WXUN8SX9,1,2026-07-31,changed mind,opened
RET-003445,ORD-021022,B01J3QMR6K,1,2026-07-21,not as described,opened
RET-003446,ORD-021023,B0WXUN8SX9,1,2026-07-17,changed mind,opened
RET-003447,ORD-021024,VH-1072,1,2026-08-05,no longer needed,resellable
RET-003448,ORD-021025, copper-pasta-bowl-set  ,1,2026-07-22,no longer needed,opened
RET-003449,ORD-021033,VH-1047,2,2026-08-02,changed mind,damaged
RET-003450,ORD-021041,B0TBF17EBH,1,2026-07-20,wrong item,resellable
RET-003451,ORD-021064,VH-1019,1,2026-07-30,quality issue,damaged
RET-003452,ORD-021068,B0TBF17EBH,1,2026-08-04,changed mind,resellable
RET-003453,ORD-021075,B00LHXS3KS,1,2026-08-04,changed mind,resellable
RET-003454,ORD-021077,B0WXUN8SX9,1,2026-07-23,not as described,resellable
RET-003455,ORD-021084,B0GEWB7VT5,1,2026-07-25,arrived damaged,damaged
RET-003456,ORD-021086,B0QRL5NZ0E,1,2026-07-19,not as described,opened
RET-003457,ORD-021095,B0GQ0AUTHT,1,2026-08-03,wrong item,resellable
RET-003458,ORD-021097,B0NTQBZ4V2,1,2026-07-18,quality issue,damaged
RET-003459,ORD-021115,VH-1081,1,2026-08-04,wrong item,opened
RET-003460,ORD-021124,B0PLGQ0WUW,1,2026-08-08,quality issue,damaged
RET-003461,ORD-021128,B0TE7M6JWU,1,2026-07-14,no longer needed,resellable
RET-003462,ORD-021129,B00RADH5S3,1,2026-08-01,wrong item,resellable
RET-003463,ORD-021130,B00710SNJ5,1,2026-08-02,no longer needed,opened
RET-003464,ORD-021142,B0R6SMCWAT,1,2026-09-05,arrived damaged,damaged
RET-003465,ORD-021147,B0TBXU1FDC,1,2026-07-29,quality issue,resellable
RET-003466,ORD-021151,B0NNFJVLCD,1,2026-07-21,quality issue,damaged
RET-003467,ORD-021151,B0FBSP8LCU,1,2026-08-13,arrived damaged,damaged
RET-003468,ORD-021161,VH-1057,1,2026-08-06,no longer needed,resellable
RET-003469,ORD-021167,B01J3QMR6K,1,2026-08-02,changed mind,opened
RET-003470,ORD-021177,B0B1RBATAH,1,2026-07-21,wrong item,resellable
RET-003471,ORD-021195,B0GKGBFV52,1,2026-08-06,not as described,opened
RET-003472,ORD-021222,B0TBF17EBH,1,2026-08-03,no longer needed,resellable
RET-003473,ORD-021233,B0X3KCJPGM,1,2026-09-11,quality issue,opened
RET-003474,ORD-021238,B0R3PJRMZ0,1,2026-07-30,arrived damaged,damaged
RET-003475,ORD-021241,B0N0SG1LUL,1,2026-07-24,no longer needed,resellable
RET-003476,ORD-021242,VH-1086,1,2026-07-31,changed mind,resellable
RET-003477,ORD-021244,B0WXUN8SX9,1,2026-07-27,no longer needed,resellable
RET-003478,ORD-021247,B0WXUN8SX9,1,2026-07-17,wrong item,damaged
RET-003479,ORD-021249,B00H6QEFH6,1,2026-07-23,arrived damaged,damaged
RET-003480,ORD-021249,B06TDAT9ZQ,2,2026-07-25,changed mind,resellable
RET-003481,ORD-021251,B06AAM59LS,1,2026-08-02,arrived damaged,opened
RET-003482,ORD-021252,VH-1081,1,2026-08-13,not as described,opened
RET-003483,ORD-021254,VH-1053,2,2026-08-20,not as described,opened
RET-003484,ORD-021257,VH-1044,1,2026-08-13,arrived damaged,damaged
RET-003485,ORD-021270, melamine-tumbler-set  ,1,2026-07-28,arrived damaged,damaged
RET-003486,ORD-021282,B0PLGQ0WUW,1,2026-08-23,arrived damaged,damaged
RET-003487,ORD-021282,B0WXUN8SX9,3,2026-08-07,quality issue,damaged
RET-003488,ORD-021292,cast irn casserole 5l ,1,2026-08-02,not as described,resellable
RET-003489,ORD-021297,B0GQ0AUTHT,1,2026-08-25,not as described,opened
RET-003490,ORD-021299,B0GEWB7VT5,1,2026-07-20,changed mind,resellable
RET-003491,ORD-021307,B0HGZ5AHB5,1,2026-08-09,arrived damaged,damaged
RET-003492,ORD-021310,B0S1TJJESE,1,2026-07-23,changed mind,opened
RET-003493,ORD-021313,VH-1054,1,2026-08-05,not as described,opened
RET-003494,ORD-021328, stoneware-spatula-set  ,1,2026-08-07,not as described,opened
RET-003495,ORD-021334,B08XCQ8NA9,1,2026-07-17,not as described,resellable
RET-003496,ORD-021338,B00RADH5S3,1,2026-07-14,changed mind,resellable
RET-003497,ORD-021347,B0BW9EFX8S,1,2026-08-05,not as described,opened
RET-003498,ORD-021356,VH-1118,1,2026-08-15,changed mind,damaged
RET-003499,ORD-021360,B0NNFJVLCD,1,2026-07-23,not as described,opened
RET-003500,ORD-021364,B044FDSE6A,1,2026-08-23,quality issue,damaged
RET-003501,ORD-021366,B0WXUN8SX9,1,2026-08-01,changed mind,resellable
RET-003502,ORD-021370,VH-1087,1,2026-07-21,arrived damaged,damaged
RET-003503,ORD-021375,B0DF2MFPCY,1,2026-08-03,not as described,resellable
RET-003504,ORD-021386, melamine-table-runner ,1,2026-07-28,not as described,resellable
RET-003505,ORD-021389, acacia-dinner-plate-set ,4,2026-08-05,arrived damaged,damaged
RET-003506,ORD-021402,cast irn casserole 5l  ,1,2026-07-15,not as described,resellable
RET-003507,ORD-021406,B01N7NW7US,1,2026-08-25,no longer needed,opened
RET-003508,ORD-021410,B0FBSP8LCU,1,2026-09-10,no longer needed,resellable
RET-003509,ORD-021411,B0XQQN7V63,1,2026-08-26,not as described,opened
RET-003510,ORD-021422,VH-1002,1,2026-07-16,not as described,opened
RET-003511,ORD-021424,B00RADH5S3,1,2026-07-23,changed mind,resellable
RET-003512,ORD-021424,B0NUXWWTXM,1,2026-07-21,not as described,opened
RET-003513,ORD-021432,VH-1077,1,2026-08-02,changed mind,resellable
RET-003514,ORD-021433,B0WXUN8SX9,1,2026-07-21,not as described,opened
RET-003515,ORD-021444,vh linen platter ,1,2026-08-08,changed mind,opened
RET-003516,ORD-021444,stneware grill pan  ,1,2026-07-26,not as described,resellable
RET-003517,ORD-021448,B0XVBEPU7E,1,2026-08-13,quality issue,damaged
RET-003518,ORD-021450,B0WXUN8SX9,1,2026-08-28,changed mind,opened
RET-003519,ORD-021454,B0W8N8XWYK,1,2026-08-24,changed mind,resellable
RET-003520,ORD-021463,B0ZQ6DWCXF,1,2026-08-12,wrong item,resellable
RET-003521,ORD-021480,B00RADH5S3,1,2026-07-17,changed mind,resellable
RET-003522,ORD-021480,B0XQQN7V63,1,2026-07-15,not as described,opened
RET-003523,ORD-021495,melamine-tumbler-set ,1,2026-08-12,not as described,opened
RET-003524,ORD-021497,B07YF2T8JE,1,2026-08-01,wrong item,resellable
RET-003525,ORD-021499,B0KWHTZDZV,1,2026-08-16,no longer needed,resellable
RET-003526,ORD-021504,castironbakishee ,3,2026-07-14,quality issue,resellable
RET-003527,ORD-021509, terracotta-turner  ,1,2026-07-28,changed mind,resellable
RET-003528,ORD-021528,B06TDAT9ZQ,1,2026-09-06,changed mind,resellable
RET-003529,ORD-021530, ceramic salad owl  ,1,2026-07-24,changed mind,resellable
RET-003530,ORD-021538,VH-1101,1,2026-09-08,wrong item,opened
RET-003531,ORD-021540,VH-1094,1,2026-08-28,changed mind,resellable
RET-003532,ORD-021542,B0WXUN8SX9,1,2026-08-31,changed mind,resellable
RET-003533,ORD-021544,melamine-tumbler-set ,1,2026-09-01,arrived damaged,damaged
RET-003534,ORD-021549,B0XDTY1E1W,1,2026-09-12,quality issue,opened
RET-003535,ORD-021558,B0DUGKZEZ8,1,2026-08-24,arrived damaged,opened
RET-003536,ORD-021559,B0TBF17EBH,1,2026-08-28,arrived damaged,damaged
RET-003537,ORD-021568,B06TDAT9ZQ,1,2026-08-19,not as described,opened
RET-003538,ORD-021575,B0SFE1R7XM,3,2026-08-28,quality issue,opened
RET-003539,ORD-021579,B0SFE1R7XM,1,2026-08-25,no longer needed,opened
RET-003540,ORD-021613,B0WXUN8SX9,1,2026-09-11,changed mind,resellable
RET-003541,ORD-021626, oak gril pan  ,1,2026-09-01,changed mind,resellable
RET-003542,ORD-021627,B0WXUN8SX9,1,2026-08-21,changed mind,opened
RET-003543,ORD-021631,B00RADH5S3,1,2026-09-14,not as described,resellable
RET-003544,ORD-021640, ceramic dinnr set 12 piece  ,1,2026-09-02,quality issue,damaged
RET-003545,ORD-021641,B0WXUN8SX9,1,2026-08-23,changed mind,resellable
RET-003546,ORD-021641,B0TBF17EBH,1,2026-08-29,no longer needed,resellable
RET-003547,ORD-021641,B0U862BR2Y,1,2026-08-20,changed mind,opened
RET-003548,ORD-021646,B00RADH5S3,1,2026-08-13,arrived damaged,opened
RET-003549,ORD-021647,B044FDSE6A,1,2026-08-20,no longer needed,resellable
RET-003550,ORD-021649,enamel-grill-pan  ,1,2026-09-02,changed mind,resellable
RET-003551,ORD-021658,B00E7ZCXW5,1,2026-09-11,changed mind,resellable
RET-003552,ORD-021662,VH-1053,1,2026-08-28,changed mind,resellable
RET-003553,ORD-021673,B0YMGZD1WQ,4,2026-09-04,changed mind,resellable
RET-003554,ORD-021684, coppapro  ,1,2026-09-05,quality issue,opened
RET-003555,ORD-021692,B0HC6GKYNZ,1,2026-08-19,quality issue,damaged
RET-003556,ORD-021697,VH-1000,1,2026-08-12,wrong item,resellable
RET-003557,ORD-021715,B0TRA8NLKK,2,2026-09-07,no longer needed,opened
RET-003558,ORD-021718,B0WXUN8SX9,1,2026-08-11,changed mind,opened
RET-003559,ORD-021719,B0WXUN8SX9,1,2026-08-22,arrived damaged,opened
RET-003560,ORD-021723,B04BS1RFN3,1,2026-09-01,arrived damaged,damaged
RET-003561,ORD-021725,B06TDAT9ZQ,1,2026-08-31,no longer needed,resellable
RET-003562,ORD-021726,bambsauc ,1,2026-08-28,changed mind,opened
RET-003563,ORD-021726,terracotta saut pan  ,1,2026-08-22,arrived damaged,damaged
RET-003564,ORD-021740,B00RADH5S3,1,2026-08-20,no longer needed,opened
RET-003565,ORD-021743,vh linen frying pan  ,1,2026-08-26,arrived damaged,damaged
RET-003566,ORD-021743, ceraplacset  ,1,2026-09-04,no longer needed,resellable
RET-003567,ORD-021745,B09VH9SRSS,1,2026-09-02,not as described,opened
RET-003568,ORD-021746,B0GQ0AUTHT,1,2026-09-09,quality issue,damaged
RET-003569,ORD-021748,B04Z01TQC9,1,2026-09-08,no longer needed,opened
RET-003570,ORD-021749,B04CU9MZTG,1,2026-08-23,wrong item,opened
RET-003571,ORD-021773,B0WXUN8SX9,3,2026-08-23,no longer needed,resellable
RET-003572,ORD-021775,B00RADH5S3,1,2026-09-09,arrived damaged,damaged
RET-003573,ORD-021801,B0WXUN8SX9,1,2026-09-01,wrong item,opened
RET-003574,ORD-021814,VH-1084,1,2026-08-28,wrong item,resellable
RET-003575,ORD-021819,B0TE7M6JWU,1,2026-08-31,no longer needed,resellable
RET-003576,ORD-021821,VH-1035,1,2026-09-04,changed mind,opened
RET-003577,ORD-021857,B0TBF17EBH,1,2026-08-28,not as described,damaged
RET-003578,ORD-021867,B00E7ZCXW5,1,2026-08-22,not as described,opened
RET-003579,ORD-021868,VH-1092,1,2026-09-06,wrong item,resellable
RET-003580,ORD-021878,VH-1001,1,2026-09-07,not as described,opened
RET-003581,ORD-021892,B0TE7M6JWU,1,2026-08-28,no longer needed,opened
RET-003582,ORD-021893, vh stainless steel serving board ,1,2026-09-06,quality issue,opened
RET-003583,ORD-021894,B03PAVHJY6,1,2026-09-13,changed mind,resellable
RET-003584,ORD-021897,B0WXUN8SX9,1,2026-08-10,changed mind,opened
RET-003585,ORD-021909,B0W8N8XWYK,1,2026-08-30,arrived damaged,damaged
RET-003586,ORD-021914,B06RJSMPSQ,1,2026-08-23,changed mind,opened
RET-003587,ORD-021915,VH-1077,1,2026-09-14,arrived damaged,damaged
RET-003588,ORD-021917, stoneware mu set  ,1,2026-09-05,no longer needed,damaged
RET-003589,ORD-021919,B00RADH5S3,1,2026-08-24,changed mind,resellable
RET-003590,ORD-021934,B0NNFJVLCD,1,2026-09-09,changed mind,resellable
RET-003591,ORD-021937,B0N0SG1LUL,1,2026-09-11,changed mind,opened
RET-003592,ORD-021938,VH-1115,1,2026-09-03,wrong item,opened
RET-003593,ORD-021943,B0WXUN8SX9,1,2026-08-18,no longer needed,damaged
RET-003594,ORD-021947,B0SFE1R7XM,1,2026-09-08,wrong item,resellable
RET-003595,ORD-021955,B0U862BR2Y,1,2026-08-24,changed mind,resellable
RET-003596,ORD-021959,VH-1075,1,2026-09-12,not as described,resellable
RET-003597,ORD-021965,B0TBF17EBH,1,2026-09-04,not as described,opened
RET-003598,ORD-021966,B0MLAXK2E1,1,2026-08-20,quality issue,opened
RET-003599,ORD-021967,B0WXUN8SX9,1,2026-08-28,no longer needed,opened
RET-003600,ORD-021968,VH-1069,1,2026-08-26,changed mind,resellable
RET-003601,ORD-021975,VH-1058,1,2026-09-05,changed mind,resellable
RET-003602,ORD-021993,VH-1085,1,2026-08-31,not as described,opened
RET-003603,ORD-022001,B00RADH5S3,1,2026-08-25,arrived damaged,resellable
RET-003604,ORD-022009,B0S1ZHPN2M,1,2026-08-11,not as described,opened
RET-003605,ORD-022022,VH-1015,1,2026-09-11,no longer needed,resellable
RET-003606,ORD-022025,VH-1061,1,2026-08-25,wrong item,opened
RET-003607,ORD-022028,VH-1109,1,2026-09-11,changed mind,resellable
RET-003608,ORD-022066, stainless steel bred bin ,1,2026-08-24,wrong item,resellable
RET-003609,ORD-022068,B00RADH5S3,1,2026-08-25,changed mind,resellable
RET-003610,ORD-022071,B0WXUN8SX9,1,2026-08-30,no longer needed,resellable
RET-003611,ORD-022076,VH-1101,1,2026-09-11,wrong item,resellable
RET-003612,ORD-022084,melamine-mug-set ,1,2026-08-14,quality issue,damaged
RET-003613,ORD-022085,VH-1035,1,2026-08-23,changed mind,opened
RET-003614,ORD-022100,B00RADH5S3,1,2026-08-18,arrived damaged,opened
RET-003615,ORD-022101,VH-1044,1,2026-09-04,not as described,damaged
RET-003616,ORD-022102, vh bamboo kitchen utensil set ,1,2026-08-29,changed mind,resellable
RET-003617,ORD-022105,B07BFW8H1T,1,2026-09-03,quality issue,resellable
RET-003618,ORD-022110,B06TDAT9ZQ,1,2026-08-23,not as described,resellable
RET-003619,ORD-022110,B0W3L9K2TT,1,2026-08-22,arrived damaged,damaged
RET-003620,ORD-022114,B0WXUN8SX9,2,2026-08-15,no longer needed,resellable
RET-003621,ORD-022131,B0GKVZ8140,1,2026-09-07,changed mind,opened
RET-003622,ORD-022137,B0KT4D60ZK,1,2026-08-16,quality issue,damaged
RET-003623,ORD-022146,B0WXUN8SX9,1,2026-09-06,arrived damaged,damaged
RET-003624,ORD-022149,B0XVBEPU7E,1,2026-09-10,changed mind,resellable
RET-003625,ORD-022159,B00E7ZCXW5,1,2026-08-30,wrong item,resellable
RET-003626,ORD-022169, vh enamel tumbler set ,1,2026-08-31,changed mind,resellable
RET-003627,ORD-022175,B0TBF17EBH,1,2026-08-17,not as described,resellable
RET-003628,ORD-022187,B0W8N8XWYK,1,2026-08-12,quality issue,damaged
RET-003629,ORD-022189,B02ZXK0X7U,1,2026-08-20,changed mind,resellable
RET-003630,ORD-022196,B0WXUN8SX9,1,2026-08-26,changed mind,resellable
RET-003631,ORD-022199,VH-1042,1,2026-08-29,no longer needed,resellable
RET-003632,ORD-022206,B02ZXK0X7U,1,2026-08-24,no longer needed,damaged
RET-003633,ORD-022212,B0NUXWWTXM,1,2026-09-12,quality issue,opened
RET-003634,ORD-022215,B0GKGBFV52,1,2026-09-02,no longer needed,resellable
RET-003635,ORD-022253,B0GKVZ8140,2,2026-08-29,changed mind,resellable
RET-003636,ORD-022265,B07YF2T8JE,1,2026-09-09,not as described,opened
RET-003637,ORD-022269,B0XVBEPU7E,1,2026-09-12,not as described,opened
RET-003638,ORD-022269,B076GJU5HA,1,2026-09-15,arrived damaged,damaged
RET-003639,ORD-022272,stainless-steel-placemat-set  ,1,2026-08-23,changed mind,resellable
RET-003640,ORD-022292,B04FTSGMDD,1,2026-09-02,no longer needed,resellable
RET-003641,ORD-022306,VH-1113,2,2026-09-07,arrived damaged,resellable
RET-003642,ORD-022322,B0WXUN8SX9,1,2026-08-19,quality issue,damaged
RET-003643,ORD-022329,B0KT4D60ZK,1,2026-09-01,changed mind,damaged
RET-003644,ORD-022329,B0TBF17EBH,1,2026-09-15,wrong item,resellable
RET-003645,ORD-022337,B0L1F47G91,1,2026-09-09,no longer needed,resellable
RET-003646,ORD-022342,VH-1057,1,2026-08-27,not as described,damaged
RET-003647,ORD-022345,vh stainless steel muffin tray ,1,2026-08-22,arrived damaged,damaged
RET-003648,ORD-022346, bambstocpot  ,4,2026-09-11,changed mind,resellable
RET-003649,ORD-022349,B0WXUN8SX9,1,2026-08-16,wrong item,resellable
RET-003650,ORD-022349,B0QBC8YR1R,1,2026-08-30,arrived damaged,resellable
RET-003651,ORD-022358,B0HGZ5AHB5,1,2026-08-28,changed mind,damaged
RET-003652,ORD-022366,B00RADH5S3,1,2026-09-01,quality issue,damaged
RET-003653,ORD-022385,VH-1076,1,2026-09-10,not as described,opened
RET-003654,ORD-022394,VH-1115,1,2026-09-03,changed mind,resellable
RET-003655,ORD-022407, vh bamboo turner ,1,2026-09-03,quality issue,damaged
